0 verbose cli D:\node js\node.exe D:\node js\node_modules\npm\bin\npm-cli.js
1 info using npm@10.8.2
2 info using node@v20.20.1
3 silly config load:file:D:\node js\node_modules\npm\npmrc
4 silly config load:file:D:\kisan gpt\kisangpt-smart-farming-main\backend\.npmrc
5 silly config load:file:C:\Users\HP\.npmrc
6 silly config load:file:C:\Users\HP\AppData\Roaming\npm\etc\npmrc
7 verbose title npm install @aws-sdk/client-s3 multer-s3 multer
8 verbose argv "install" "@aws-sdk/client-s3" "multer-s3" "multer"
9 verbose logfile logs-max:10 dir:D:\kisan gpt\kisangpt-smart-farming-main\backend\%USERPROFILE%\AppData\Local\npm-cache\_logs\2026-04-07T05_06_53_240Z-
10 verbose logfile D:\kisan gpt\kisangpt-smart-farming-main\backend\%USERPROFILE%\AppData\Local\npm-cache\_logs\2026-04-07T05_06_53_240Z-debug-0.log
11 silly packumentCache heap:4345298944 maxSize:1086324736 maxEntrySize:543162368
12 silly logfile done cleaning log files
13 silly idealTree buildDeps
14 silly fetch manifest multer@^2.0.2
15 silly packumentCache full:https://registry.npmjs.org/multer cache-miss
16 http fetch GET 200 https://registry.npmjs.org/multer 1029ms (cache miss)
17 silly packumentCache full:https://registry.npmjs.org/multer set size:undefined disposed:false
18 silly fetch manifest @aws-sdk/client-s3@*
19 silly packumentCache full:https://registry.npmjs.org/@aws-sdk%2fclient-s3 cache-miss
20 http fetch GET 200 https://registry.npmjs.org/npm 1779ms
21 http fetch GET 200 https://registry.npmjs.org/@aws-sdk%2fclient-s3 881ms (cache miss)
22 silly packumentCache full:https://registry.npmjs.org/@aws-sdk%2fclient-s3 set size:undefined disposed:false
23 silly fetch manifest multer-s3@*
24 silly packumentCache full:https://registry.npmjs.org/multer-s3 cache-miss
25 http fetch GET 200 https://registry.npmjs.org/multer-s3 249ms (cache miss)
26 silly packumentCache full:https://registry.npmjs.org/multer-s3 set size:undefined disposed:false
27 silly placeDep ROOT @aws-sdk/client-s3@3.1025.0 OK for: backend@1.0.0 want: *
28 silly placeDep ROOT multer@2.1.1 REPLACE for: backend@1.0.0 want: ^2.0.2
29 silly placeDep ROOT multer-s3@3.0.1 OK for: backend@1.0.0 want: *
30 silly fetch manifest @aws-crypto/sha1-browser@5.2.0
31 silly packumentCache full:https://registry.npmjs.org/@aws-crypto%2fsha1-browser cache-miss
32 silly fetch manifest @aws-crypto/sha256-browser@5.2.0
33 silly packumentCache full:https://registry.npmjs.org/@aws-crypto%2fsha256-browser cache-miss
34 silly fetch manifest @aws-crypto/sha256-js@5.2.0
35 silly packumentCache full:https://registry.npmjs.org/@aws-crypto%2fsha256-js cache-miss
36 silly fetch manifest @aws-sdk/core@^3.973.26
37 silly packumentCache full:https://registry.npmjs.org/@aws-sdk%2fcore cache-miss
38 silly fetch manifest @aws-sdk/credential-provider-node@^3.972.29
39 silly packumentCache full:https://registry.npmjs.org/@aws-sdk%2fcredential-provider-node cache-miss
40 silly fetch manifest @aws-sdk/middleware-bucket-endpoint@^3.972.8
41 silly packumentCache full:https://registry.npmjs.org/@aws-sdk%2fmiddleware-bucket-endpoint cache-miss
42 silly fetch manifest @aws-sdk/middleware-expect-continue@^3.972.8
43 silly packumentCache full:https://registry.npmjs.org/@aws-sdk%2fmiddleware-expect-continue cache-miss
44 silly fetch manifest @aws-sdk/middleware-flexible-checksums@^3.974.6
45 silly packumentCache full:https://registry.npmjs.org/@aws-sdk%2fmiddleware-flexible-checksums cache-miss
46 silly fetch manifest @aws-sdk/middleware-host-header@^3.972.8
47 silly packumentCache full:https://registry.npmjs.org/@aws-sdk%2fmiddleware-host-header cache-miss
48 silly fetch manifest @aws-sdk/middleware-location-constraint@^3.972.8
49 silly packumentCache full:https://registry.npmjs.org/@aws-sdk%2fmiddleware-location-constraint cache-miss
50 silly fetch manifest @aws-sdk/middleware-logger@^3.972.8
51 silly packumentCache full:https://registry.npmjs.org/@aws-sdk%2fmiddleware-logger cache-miss
52 silly fetch manifest @aws-sdk/middleware-recursion-detection@^3.972.9
53 silly packumentCache full:https://registry.npmjs.org/@aws-sdk%2fmiddleware-recursion-detection cache-miss
54 silly fetch manifest @aws-sdk/middleware-sdk-s3@^3.972.27
55 silly packumentCache full:https://registry.npmjs.org/@aws-sdk%2fmiddleware-sdk-s3 cache-miss
56 http fetch GET 200 https://registry.npmjs.org/@aws-crypto%2fsha1-browser 309ms (cache miss)
57 silly packumentCache full:https://registry.npmjs.org/@aws-crypto%2fsha1-browser set size:undefined disposed:false
58 silly fetch manifest @aws-sdk/middleware-ssec@^3.972.8
59 silly packumentCache full:https://registry.npmjs.org/@aws-sdk%2fmiddleware-ssec cache-miss
60 http fetch GET 200 https://registry.npmjs.org/@aws-crypto%2fsha256-browser 314ms (cache miss)
61 silly packumentCache full:https://registry.npmjs.org/@aws-crypto%2fsha256-browser set size:undefined disposed:false
62 silly fetch manifest @aws-sdk/middleware-user-agent@^3.972.28
63 silly packumentCache full:https://registry.npmjs.org/@aws-sdk%2fmiddleware-user-agent cache-miss
64 http fetch GET 200 https://registry.npmjs.org/@aws-sdk%2fmiddleware-user-agent 409ms (cache miss)
65 silly packumentCache full:https://registry.npmjs.org/@aws-sdk%2fmiddleware-user-agent set size:undefined disposed:false
66 silly fetch manifest @aws-sdk/region-config-resolver@^3.972.10
67 silly packumentCache full:https://registry.npmjs.org/@aws-sdk%2fregion-config-resolver cache-miss
68 http fetch GET 200 https://registry.npmjs.org/@aws-sdk%2fmiddleware-ssec 439ms (cache miss)
69 silly packumentCache full:https://registry.npmjs.org/@aws-sdk%2fmiddleware-ssec set size:undefined disposed:false
70 silly fetch manifest @aws-sdk/signature-v4-multi-region@^3.996.15
71 silly packumentCache full:https://registry.npmjs.org/@aws-sdk%2fsignature-v4-multi-region cache-miss
72 http fetch GET 200 https://registry.npmjs.org/@aws-sdk%2fcore 780ms (cache miss)
73 silly packumentCache full:https://registry.npmjs.org/@aws-sdk%2fcore set size:undefined disposed:false
74 silly fetch manifest @aws-sdk/types@^3.973.6
75 silly packumentCache full:https://registry.npmjs.org/@aws-sdk%2ftypes cache-miss
76 http fetch GET 200 https://registry.npmjs.org/@aws-crypto%2fsha256-js 875ms (cache miss)
77 silly packumentCache full:https://registry.npmjs.org/@aws-crypto%2fsha256-js set size:undefined disposed:false
78 silly fetch manifest @aws-sdk/util-endpoints@^3.996.5
79 silly packumentCache full:https://registry.npmjs.org/@aws-sdk%2futil-endpoints cache-miss
80 http fetch GET 200 https://registry.npmjs.org/@aws-sdk%2fmiddleware-host-header 891ms (cache miss)
81 silly packumentCache full:https://registry.npmjs.org/@aws-sdk%2fmiddleware-host-header set size:undefined disposed:false
82 silly fetch manifest @aws-sdk/util-user-agent-browser@^3.972.8
83 silly packumentCache full:https://registry.npmjs.org/@aws-sdk%2futil-user-agent-browser cache-miss
84 http fetch GET 200 https://registry.npmjs.org/@aws-sdk%2fmiddleware-bucket-endpoint 914ms (cache miss)
85 silly packumentCache full:https://registry.npmjs.org/@aws-sdk%2fmiddleware-bucket-endpoint set size:undefined disposed:false
86 silly fetch manifest @aws-sdk/util-user-agent-node@^3.973.14
87 silly packumentCache full:https://registry.npmjs.org/@aws-sdk%2futil-user-agent-node cache-miss
88 http fetch GET 200 https://registry.npmjs.org/@aws-sdk%2fmiddleware-sdk-s3 924ms (cache miss)
89 silly packumentCache full:https://registry.npmjs.org/@aws-sdk%2fmiddleware-sdk-s3 set size:undefined disposed:false
90 silly fetch manifest @smithy/config-resolver@^4.4.13
91 silly packumentCache full:https://registry.npmjs.org/@smithy%2fconfig-resolver cache-miss
92 http fetch GET 200 https://registry.npmjs.org/@aws-sdk%2fmiddleware-logger 988ms (cache miss)
93 silly packumentCache full:https://registry.npmjs.org/@aws-sdk%2fmiddleware-logger set size:undefined disposed:false
94 silly fetch manifest @smithy/core@^3.23.13
95 silly packumentCache full:https://registry.npmjs.org/@smithy%2fcore cache-miss
96 http fetch GET 200 https://registry.npmjs.org/@aws-sdk%2fregion-config-resolver 268ms (cache miss)
97 silly packumentCache full:https://registry.npmjs.org/@aws-sdk%2fregion-config-resolver set size:undefined disposed:false
98 silly fetch manifest @smithy/eventstream-serde-browser@^4.2.12
99 silly packumentCache full:https://registry.npmjs.org/@smithy%2feventstream-serde-browser cache-miss
100 http fetch GET 200 https://registry.npmjs.org/@aws-sdk%2fmiddleware-location-constraint 1011ms (cache miss)
101 silly packumentCache full:https://registry.npmjs.org/@aws-sdk%2fmiddleware-location-constraint set size:undefined disposed:false
102 silly fetch manifest @smithy/eventstream-serde-config-resolver@^4.3.12
103 silly packumentCache full:https://registry.npmjs.org/@smithy%2feventstream-serde-config-resolver cache-miss
104 http fetch GET 200 https://registry.npmjs.org/@aws-sdk%2fmiddleware-flexible-checksums 1022ms (cache miss)
105 silly packumentCache full:https://registry.npmjs.org/@aws-sdk%2fmiddleware-flexible-checksums set size:undefined disposed:false
106 silly fetch manifest @smithy/eventstream-serde-node@^4.2.12
107 silly packumentCache full:https://registry.npmjs.org/@smithy%2feventstream-serde-node cache-miss
108 http fetch GET 200 https://registry.npmjs.org/@aws-sdk%2fmiddleware-recursion-detection 1164ms (cache miss)
109 silly packumentCache full:https://registry.npmjs.org/@aws-sdk%2fmiddleware-recursion-detection set size:undefined disposed:false
110 silly fetch manifest @smithy/fetch-http-handler@^5.3.15
111 silly packumentCache full:https://registry.npmjs.org/@smithy%2ffetch-http-handler cache-miss
112 http fetch GET 200 https://registry.npmjs.org/@smithy%2fconfig-resolver 263ms (cache miss)
113 silly packumentCache full:https://registry.npmjs.org/@smithy%2fconfig-resolver set size:undefined disposed:false
114 silly fetch manifest @smithy/hash-blob-browser@^4.2.13
115 silly packumentCache full:https://registry.npmjs.org/@smithy%2fhash-blob-browser cache-miss
116 http fetch GET 200 https://registry.npmjs.org/@aws-sdk%2futil-endpoints 396ms (cache miss)
117 silly packumentCache full:https://registry.npmjs.org/@aws-sdk%2futil-endpoints set size:undefined disposed:false
118 silly fetch manifest @smithy/hash-node@^4.2.12
119 silly packumentCache full:https://registry.npmjs.org/@smithy%2fhash-node cache-miss
120 http fetch GET 200 https://registry.npmjs.org/@aws-sdk%2futil-user-agent-browser 405ms (cache miss)
121 silly packumentCache full:https://registry.npmjs.org/@aws-sdk%2futil-user-agent-browser set size:undefined disposed:false
122 silly fetch manifest @smithy/hash-stream-node@^4.2.12
123 silly packumentCache full:https://registry.npmjs.org/@smithy%2fhash-stream-node cache-miss
124 http fetch GET 200 https://registry.npmjs.org/@aws-sdk%2ftypes 555ms (cache miss)
125 silly packumentCache full:https://registry.npmjs.org/@aws-sdk%2ftypes set size:undefined disposed:false
126 silly fetch manifest @smithy/invalid-dependency@^4.2.12
127 silly packumentCache full:https://registry.npmjs.org/@smithy%2finvalid-dependency cache-miss
128 http fetch GET 200 https://registry.npmjs.org/@smithy%2feventstream-serde-browser 346ms (cache miss)
129 silly packumentCache full:https://registry.npmjs.org/@smithy%2feventstream-serde-browser set size:undefined disposed:false
130 silly fetch manifest @smithy/md5-js@^4.2.12
131 silly packumentCache full:https://registry.npmjs.org/@smithy%2fmd5-js cache-miss
132 http fetch GET 200 https://registry.npmjs.org/@aws-sdk%2fmiddleware-expect-continue 1379ms (cache miss)
133 silly packumentCache full:https://registry.npmjs.org/@aws-sdk%2fmiddleware-expect-continue set size:undefined disposed:false
134 silly fetch manifest @smithy/middleware-content-length@^4.2.12
135 silly packumentCache full:https://registry.npmjs.org/@smithy%2fmiddleware-content-length cache-miss
136 http fetch GET 200 https://registry.npmjs.org/@smithy%2fcore 403ms (cache miss)
137 silly packumentCache full:https://registry.npmjs.org/@smithy%2fcore set size:undefined disposed:false
138 silly fetch manifest @smithy/middleware-endpoint@^4.4.28
139 silly packumentCache full:https://registry.npmjs.org/@smithy%2fmiddleware-endpoint cache-miss
140 http fetch GET 200 https://registry.npmjs.org/@aws-sdk%2futil-user-agent-node 488ms (cache miss)
141 silly packumentCache full:https://registry.npmjs.org/@aws-sdk%2futil-user-agent-node set size:undefined disposed:false
142 silly fetch manifest @smithy/middleware-retry@^4.4.46
143 silly packumentCache full:https://registry.npmjs.org/@smithy%2fmiddleware-retry cache-miss
144 http fetch GET 200 https://registry.npmjs.org/@smithy%2ffetch-http-handler 263ms (cache miss)
145 silly packumentCache full:https://registry.npmjs.org/@smithy%2ffetch-http-handler set size:undefined disposed:false
146 silly fetch manifest @smithy/middleware-serde@^4.2.16
147 silly packumentCache full:https://registry.npmjs.org/@smithy%2fmiddleware-serde cache-miss
148 http fetch GET 200 https://registry.npmjs.org/@aws-sdk%2fsignature-v4-multi-region 701ms (cache miss)
149 silly packumentCache full:https://registry.npmjs.org/@aws-sdk%2fsignature-v4-multi-region set size:undefined disposed:false
150 silly fetch manifest @smithy/middleware-stack@^4.2.12
151 silly packumentCache full:https://registry.npmjs.org/@smithy%2fmiddleware-stack cache-miss
152 http fetch GET 200 https://registry.npmjs.org/@smithy%2fhash-node 195ms (cache miss)
153 silly packumentCache full:https://registry.npmjs.org/@smithy%2fhash-node set size:undefined disposed:false
154 silly fetch manifest @smithy/node-config-provider@^4.3.12
155 silly packumentCache full:https://registry.npmjs.org/@smithy%2fnode-config-provider cache-miss
156 http fetch GET 200 https://registry.npmjs.org/@smithy%2fhash-stream-node 180ms (cache miss)
157 silly packumentCache full:https://registry.npmjs.org/@smithy%2fhash-stream-node set size:undefined disposed:false
158 silly fetch manifest @smithy/node-http-handler@^4.5.1
159 silly packumentCache full:https://registry.npmjs.org/@smithy%2fnode-http-handler cache-miss
160 http fetch GET 200 https://registry.npmjs.org/@smithy%2finvalid-dependency 177ms (cache miss)
161 silly packumentCache full:https://registry.npmjs.org/@smithy%2finvalid-dependency set size:undefined disposed:false
162 silly fetch manifest @smithy/protocol-http@^5.3.12
163 silly packumentCache full:https://registry.npmjs.org/@smithy%2fprotocol-http cache-miss
164 http fetch GET 200 https://registry.npmjs.org/@smithy%2feventstream-serde-config-resolver 517ms (cache miss)
165 silly packumentCache full:https://registry.npmjs.org/@smithy%2feventstream-serde-config-resolver set size:undefined disposed:false
166 silly fetch manifest @smithy/smithy-client@^4.12.8
167 silly packumentCache full:https://registry.npmjs.org/@smithy%2fsmithy-client cache-miss
168 http fetch GET 200 https://registry.npmjs.org/@smithy%2fmiddleware-content-length 158ms (cache miss)
169 silly packumentCache full:https://registry.npmjs.org/@smithy%2fmiddleware-content-length set size:undefined disposed:false
170 silly fetch manifest @smithy/types@^4.13.1
171 silly packumentCache full:https://registry.npmjs.org/@smithy%2ftypes cache-miss
172 http fetch GET 200 https://registry.npmjs.org/@smithy%2fmiddleware-serde 138ms (cache miss)
173 silly packumentCache full:https://registry.npmjs.org/@smithy%2fmiddleware-serde set size:undefined disposed:false
174 silly fetch manifest @smithy/url-parser@^4.2.12
175 silly packumentCache full:https://registry.npmjs.org/@smithy%2furl-parser cache-miss
176 http fetch GET 200 https://registry.npmjs.org/@aws-sdk%2fcredential-provider-node 1586ms (cache miss)
177 silly packumentCache full:https://registry.npmjs.org/@aws-sdk%2fcredential-provider-node set size:undefined disposed:false
178 silly fetch manifest @smithy/util-base64@^4.3.2
179 silly packumentCache full:https://registry.npmjs.org/@smithy%2futil-base64 cache-miss
180 http fetch GET 200 https://registry.npmjs.org/@smithy%2fmiddleware-stack 135ms (cache miss)
181 silly packumentCache full:https://registry.npmjs.org/@smithy%2fmiddleware-stack set size:undefined disposed:false
182 silly fetch manifest @smithy/util-body-length-browser@^4.2.2
183 silly packumentCache full:https://registry.npmjs.org/@smithy%2futil-body-length-browser cache-miss
184 http fetch GET 200 https://registry.npmjs.org/@smithy%2fmiddleware-endpoint 202ms (cache miss)
185 silly packumentCache full:https://registry.npmjs.org/@smithy%2fmiddleware-endpoint set size:undefined disposed:false
186 silly fetch manifest @smithy/util-body-length-node@^4.2.3
187 silly packumentCache full:https://registry.npmjs.org/@smithy%2futil-body-length-node cache-miss
188 http fetch GET 200 https://registry.npmjs.org/@smithy%2fmiddleware-retry 236ms (cache miss)
189 silly packumentCache full:https://registry.npmjs.org/@smithy%2fmiddleware-retry set size:undefined disposed:false
190 silly fetch manifest @smithy/util-defaults-mode-browser@^4.3.44
191 silly packumentCache full:https://registry.npmjs.org/@smithy%2futil-defaults-mode-browser cache-miss
192 http fetch GET 200 https://registry.npmjs.org/@smithy%2fnode-http-handler 185ms (cache miss)
193 silly packumentCache full:https://registry.npmjs.org/@smithy%2fnode-http-handler set size:undefined disposed:false
194 silly fetch manifest @smithy/util-defaults-mode-node@^4.2.48
195 silly packumentCache full:https://registry.npmjs.org/@smithy%2futil-defaults-mode-node cache-miss
196 http fetch GET 200 https://registry.npmjs.org/@smithy%2ftypes 138ms (cache miss)
197 silly packumentCache full:https://registry.npmjs.org/@smithy%2ftypes set size:undefined disposed:false
198 silly fetch manifest @smithy/util-endpoints@^3.3.3
199 silly packumentCache full:https://registry.npmjs.org/@smithy%2futil-endpoints cache-miss
200 http fetch GET 200 https://registry.npmjs.org/@smithy%2fprotocol-http 162ms (cache miss)
201 silly packumentCache full:https://registry.npmjs.org/@smithy%2fprotocol-http set size:undefined disposed:false
202 silly fetch manifest @smithy/util-middleware@^4.2.12
203 silly packumentCache full:https://registry.npmjs.org/@smithy%2futil-middleware cache-miss
204 http fetch GET 200 https://registry.npmjs.org/@smithy%2fsmithy-client 166ms (cache miss)
205 silly packumentCache full:https://registry.npmjs.org/@smithy%2fsmithy-client set size:undefined disposed:false
206 silly fetch manifest @smithy/util-retry@^4.2.13
207 silly packumentCache full:https://registry.npmjs.org/@smithy%2futil-retry cache-miss
208 http fetch GET 200 https://registry.npmjs.org/@smithy%2futil-body-length-node 113ms (cache miss)
209 silly packumentCache full:https://registry.npmjs.org/@smithy%2futil-body-length-node set size:undefined disposed:false
210 silly fetch manifest @smithy/util-stream@^4.5.21
211 silly packumentCache full:https://registry.npmjs.org/@smithy%2futil-stream cache-miss
212 http fetch GET 200 https://registry.npmjs.org/@smithy%2futil-base64 137ms (cache miss)
213 silly packumentCache full:https://registry.npmjs.org/@smithy%2futil-base64 set size:undefined disposed:false
214 silly fetch manifest @smithy/util-utf8@^4.2.2
215 silly packumentCache full:https://registry.npmjs.org/@smithy%2futil-utf8 cache-miss
216 http fetch GET 200 https://registry.npmjs.org/@smithy%2futil-middleware 127ms (cache miss)
217 silly packumentCache full:https://registry.npmjs.org/@smithy%2futil-middleware set size:undefined disposed:false
218 silly fetch manifest @smithy/util-waiter@^4.2.14
219 silly packumentCache full:https://registry.npmjs.org/@smithy%2futil-waiter cache-miss
220 http fetch GET 200 https://registry.npmjs.org/@smithy%2futil-defaults-mode-node 150ms (cache miss)
221 silly packumentCache full:https://registry.npmjs.org/@smithy%2futil-defaults-mode-node set size:undefined disposed:false
222 silly fetch manifest tslib@^2.6.2
223 silly packumentCache full:https://registry.npmjs.org/tslib cache-miss
224 http fetch GET 200 https://registry.npmjs.org/@smithy%2futil-defaults-mode-browser 183ms (cache miss)
225 silly packumentCache full:https://registry.npmjs.org/@smithy%2futil-defaults-mode-browser set size:undefined disposed:false
226 silly fetch manifest @aws-sdk/lib-storage@^3.46.0
227 silly packumentCache full:https://registry.npmjs.org/@aws-sdk%2flib-storage cache-miss
228 http fetch GET 200 https://registry.npmjs.org/@smithy%2futil-utf8 144ms (cache miss)
229 silly packumentCache full:https://registry.npmjs.org/@smithy%2futil-utf8 set size:undefined disposed:false
230 silly fetch manifest file-type@^3.3.0
231 silly packumentCache full:https://registry.npmjs.org/file-type cache-miss
232 http fetch GET 200 https://registry.npmjs.org/@smithy%2fhash-blob-browser 686ms (cache miss)
233 silly packumentCache full:https://registry.npmjs.org/@smithy%2fhash-blob-browser set size:undefined disposed:false
234 silly fetch manifest html-comment-regex@^1.1.2
235 silly packumentCache full:https://registry.npmjs.org/html-comment-regex cache-miss
236 http fetch GET 200 https://registry.npmjs.org/@smithy%2fnode-config-provider 424ms (cache miss)
237 silly packumentCache full:https://registry.npmjs.org/@smithy%2fnode-config-provider set size:undefined disposed:false
238 silly fetch manifest run-parallel@^1.1.6
239 silly packumentCache full:https://registry.npmjs.org/run-parallel cache-miss
240 http fetch GET 200 https://registry.npmjs.org/@smithy%2futil-stream 180ms (cache miss)
241 silly packumentCache full:https://registry.npmjs.org/@smithy%2futil-stream set size:undefined disposed:false
242 http fetch GET 200 https://registry.npmjs.org/tslib 89ms (cache miss)
243 silly packumentCache full:https://registry.npmjs.org/tslib set size:undefined disposed:false
244 http fetch GET 200 https://registry.npmjs.org/run-parallel 100ms (cache miss)
245 silly packumentCache full:https://registry.npmjs.org/run-parallel set size:undefined disposed:false
246 http fetch GET 200 https://registry.npmjs.org/@smithy%2futil-body-length-browser 408ms (cache miss)
247 silly packumentCache full:https://registry.npmjs.org/@smithy%2futil-body-length-browser set size:undefined disposed:false
248 http fetch GET 200 https://registry.npmjs.org/@smithy%2fmd5-js 660ms (cache miss)
249 silly packumentCache full:https://registry.npmjs.org/@smithy%2fmd5-js set size:undefined disposed:false
250 http fetch GET 200 https://registry.npmjs.org/@smithy%2furl-parser 437ms (cache miss)
251 silly packumentCache full:https://registry.npmjs.org/@smithy%2furl-parser set size:undefined disposed:false
252 http fetch GET 200 https://registry.npmjs.org/file-type 147ms (cache miss)
253 silly packumentCache full:https://registry.npmjs.org/file-type set size:undefined disposed:false
254 http fetch GET 200 https://registry.npmjs.org/html-comment-regex 416ms (cache miss)
255 silly packumentCache full:https://registry.npmjs.org/html-comment-regex set size:undefined disposed:false
256 http fetch GET 200 https://registry.npmjs.org/@smithy%2feventstream-serde-node 1290ms (cache miss)
257 silly packumentCache full:https://registry.npmjs.org/@smithy%2feventstream-serde-node set size:undefined disposed:false
258 http fetch GET 200 https://registry.npmjs.org/@smithy%2futil-retry 672ms (cache miss)
259 silly packumentCache full:https://registry.npmjs.org/@smithy%2futil-retry set size:undefined disposed:false
260 http fetch GET 200 https://registry.npmjs.org/@smithy%2futil-waiter 690ms (cache miss)
261 silly packumentCache full:https://registry.npmjs.org/@smithy%2futil-waiter set size:undefined disposed:false
262 http fetch GET 200 https://registry.npmjs.org/@smithy%2futil-endpoints 834ms (cache miss)
263 silly packumentCache full:https://registry.npmjs.org/@smithy%2futil-endpoints set size:undefined disposed:false
264 http fetch GET 200 https://registry.npmjs.org/@aws-sdk%2flib-storage 1080ms (cache miss)
265 silly packumentCache full:https://registry.npmjs.org/@aws-sdk%2flib-storage set size:undefined disposed:false
266 silly fetch manifest aws-crt@>=1.0.0
267 silly packumentCache full:https://registry.npmjs.org/aws-crt cache-miss
268 http fetch GET 200 https://registry.npmjs.org/aws-crt 1051ms (cache miss)
269 silly packumentCache full:https://registry.npmjs.org/aws-crt set size:undefined disposed:false
270 silly placeDep ROOT @aws-crypto/sha1-browser@5.2.0 OK for: @aws-sdk/client-s3@3.1025.0 want: 5.2.0
271 silly placeDep ROOT @aws-crypto/sha256-browser@5.2.0 OK for: @aws-sdk/client-s3@3.1025.0 want: 5.2.0
272 silly placeDep ROOT @aws-crypto/sha256-js@5.2.0 OK for: @aws-sdk/client-s3@3.1025.0 want: 5.2.0
273 silly placeDep ROOT @aws-sdk/core@3.973.26 OK for: @aws-sdk/client-s3@3.1025.0 want: ^3.973.26
274 silly placeDep ROOT @aws-sdk/credential-provider-node@3.972.29 OK for: @aws-sdk/client-s3@3.1025.0 want: ^3.972.29
275 silly placeDep ROOT @aws-sdk/middleware-bucket-endpoint@3.972.8 OK for: @aws-sdk/client-s3@3.1025.0 want: ^3.972.8
276 silly placeDep ROOT @aws-sdk/middleware-expect-continue@3.972.8 OK for: @aws-sdk/client-s3@3.1025.0 want: ^3.972.8
277 silly placeDep ROOT @aws-sdk/middleware-flexible-checksums@3.974.6 OK for: @aws-sdk/client-s3@3.1025.0 want: ^3.974.6
278 silly placeDep ROOT @aws-sdk/middleware-host-header@3.972.8 OK for: @aws-sdk/client-s3@3.1025.0 want: ^3.972.8
279 silly placeDep ROOT @aws-sdk/middleware-location-constraint@3.972.8 OK for: @aws-sdk/client-s3@3.1025.0 want: ^3.972.8
280 silly placeDep ROOT @aws-sdk/middleware-logger@3.972.8 OK for: @aws-sdk/client-s3@3.1025.0 want: ^3.972.8
281 silly placeDep ROOT @aws-sdk/middleware-recursion-detection@3.972.9 OK for: @aws-sdk/client-s3@3.1025.0 want: ^3.972.9
282 silly placeDep ROOT @aws-sdk/middleware-sdk-s3@3.972.27 OK for: @aws-sdk/client-s3@3.1025.0 want: ^3.972.27
283 silly placeDep ROOT @aws-sdk/middleware-ssec@3.972.8 OK for: @aws-sdk/client-s3@3.1025.0 want: ^3.972.8
284 silly placeDep ROOT @aws-sdk/middleware-user-agent@3.972.28 OK for: @aws-sdk/client-s3@3.1025.0 want: ^3.972.28
285 silly placeDep ROOT @aws-sdk/region-config-resolver@3.972.10 OK for: @aws-sdk/client-s3@3.1025.0 want: ^3.972.10
286 silly placeDep ROOT @aws-sdk/signature-v4-multi-region@3.996.15 OK for: @aws-sdk/client-s3@3.1025.0 want: ^3.996.15
287 silly placeDep ROOT @aws-sdk/types@3.973.6 OK for: @aws-sdk/client-s3@3.1025.0 want: ^3.973.6
288 silly placeDep ROOT @aws-sdk/util-endpoints@3.996.5 OK for: @aws-sdk/client-s3@3.1025.0 want: ^3.996.5
289 silly placeDep ROOT @aws-sdk/util-user-agent-browser@3.972.8 OK for: @aws-sdk/client-s3@3.1025.0 want: ^3.972.8
290 silly placeDep ROOT @aws-sdk/util-user-agent-node@3.973.14 OK for: @aws-sdk/client-s3@3.1025.0 want: ^3.973.14
291 silly placeDep ROOT @smithy/config-resolver@4.4.14 OK for: @aws-sdk/client-s3@3.1025.0 want: ^4.4.13
292 silly placeDep ROOT @smithy/core@3.23.14 OK for: @aws-sdk/client-s3@3.1025.0 want: ^3.23.13
293 silly placeDep ROOT @smithy/eventstream-serde-browser@4.2.13 OK for: @aws-sdk/client-s3@3.1025.0 want: ^4.2.12
294 silly placeDep ROOT @smithy/eventstream-serde-config-resolver@4.3.13 OK for: @aws-sdk/client-s3@3.1025.0 want: ^4.3.12
295 silly placeDep ROOT @smithy/eventstream-serde-node@4.2.13 OK for: @aws-sdk/client-s3@3.1025.0 want: ^4.2.12
296 silly placeDep ROOT @smithy/fetch-http-handler@5.3.16 OK for: @aws-sdk/client-s3@3.1025.0 want: ^5.3.15
297 silly placeDep ROOT @smithy/hash-blob-browser@4.2.14 OK for: @aws-sdk/client-s3@3.1025.0 want: ^4.2.13
298 silly placeDep ROOT @smithy/hash-node@4.2.13 OK for: @aws-sdk/client-s3@3.1025.0 want: ^4.2.12
299 silly placeDep ROOT @smithy/hash-stream-node@4.2.13 OK for: @aws-sdk/client-s3@3.1025.0 want: ^4.2.12
300 silly placeDep ROOT @smithy/invalid-dependency@4.2.13 OK for: @aws-sdk/client-s3@3.1025.0 want: ^4.2.12
301 silly placeDep ROOT @smithy/md5-js@4.2.13 OK for: @aws-sdk/client-s3@3.1025.0 want: ^4.2.12
302 silly placeDep ROOT @smithy/middleware-content-length@4.2.13 OK for: @aws-sdk/client-s3@3.1025.0 want: ^4.2.12
303 silly placeDep ROOT @smithy/middleware-endpoint@4.4.29 OK for: @aws-sdk/client-s3@3.1025.0 want: ^4.4.28
304 silly placeDep ROOT @smithy/middleware-retry@4.5.0 OK for: @aws-sdk/client-s3@3.1025.0 want: ^4.4.46
305 silly placeDep ROOT @smithy/middleware-serde@4.2.17 OK for: @aws-sdk/client-s3@3.1025.0 want: ^4.2.16
306 silly placeDep ROOT @smithy/middleware-stack@4.2.13 OK for: @aws-sdk/client-s3@3.1025.0 want: ^4.2.12
307 silly placeDep ROOT @smithy/node-config-provider@4.3.13 OK for: @aws-sdk/client-s3@3.1025.0 want: ^4.3.12
308 silly placeDep ROOT @smithy/node-http-handler@4.5.2 OK for: @aws-sdk/client-s3@3.1025.0 want: ^4.5.1
309 silly placeDep ROOT @smithy/protocol-http@5.3.13 OK for: @aws-sdk/client-s3@3.1025.0 want: ^5.3.12
310 silly placeDep ROOT @smithy/smithy-client@4.12.9 OK for: @aws-sdk/client-s3@3.1025.0 want: ^4.12.8
311 silly placeDep ROOT @smithy/types@4.14.0 OK for: @aws-sdk/client-s3@3.1025.0 want: ^4.13.1
312 silly placeDep ROOT @smithy/url-parser@4.2.13 OK for: @aws-sdk/client-s3@3.1025.0 want: ^4.2.12
313 silly placeDep ROOT @smithy/util-base64@4.3.2 OK for: @aws-sdk/client-s3@3.1025.0 want: ^4.3.2
314 silly placeDep ROOT @smithy/util-body-length-browser@4.2.2 OK for: @aws-sdk/client-s3@3.1025.0 want: ^4.2.2
315 silly placeDep ROOT @smithy/util-body-length-node@4.2.3 OK for: @aws-sdk/client-s3@3.1025.0 want: ^4.2.3
316 silly placeDep ROOT @smithy/util-defaults-mode-browser@4.3.45 OK for: @aws-sdk/client-s3@3.1025.0 want: ^4.3.44
317 silly placeDep ROOT @smithy/util-defaults-mode-node@4.2.49 OK for: @aws-sdk/client-s3@3.1025.0 want: ^4.2.48
318 silly placeDep ROOT @smithy/util-endpoints@3.3.4 OK for: @aws-sdk/client-s3@3.1025.0 want: ^3.3.3
319 silly placeDep ROOT @smithy/util-middleware@4.2.13 OK for: @aws-sdk/client-s3@3.1025.0 want: ^4.2.12
320 silly placeDep ROOT @smithy/util-retry@4.3.0 OK for: @aws-sdk/client-s3@3.1025.0 want: ^4.2.13
321 silly placeDep ROOT @smithy/util-stream@4.5.22 OK for: @aws-sdk/client-s3@3.1025.0 want: ^4.5.21
322 silly placeDep ROOT @smithy/util-utf8@4.2.2 OK for: @aws-sdk/client-s3@3.1025.0 want: ^4.2.2
323 silly placeDep ROOT @smithy/util-waiter@4.2.15 OK for: @aws-sdk/client-s3@3.1025.0 want: ^4.2.14
324 silly placeDep ROOT tslib@2.8.1 OK for: @aws-sdk/client-s3@3.1025.0 want: ^2.6.2
325 silly fetch manifest @aws-sdk/types@^3.222.0
326 silly packumentCache full:https://registry.npmjs.org/@aws-sdk%2ftypes cache-miss
327 silly fetch manifest @aws-crypto/util@^5.2.0
328 silly packumentCache full:https://registry.npmjs.org/@aws-crypto%2futil cache-miss
329 silly fetch manifest @smithy/util-utf8@^2.0.0
330 silly packumentCache full:https://registry.npmjs.org/@smithy%2futil-utf8 cache-miss
331 silly fetch manifest @aws-sdk/util-locate-window@^3.0.0
332 silly packumentCache full:https://registry.npmjs.org/@aws-sdk%2futil-locate-window cache-miss
333 silly fetch manifest @aws-crypto/supports-web-crypto@^5.2.0
334 silly packumentCache full:https://registry.npmjs.org/@aws-crypto%2fsupports-web-crypto cache-miss
335 silly fetch manifest @aws-sdk/types@^3.222.0
336 silly packumentCache full:https://registry.npmjs.org/@aws-sdk%2ftypes cache-miss
337 silly fetch manifest @aws-crypto/util@^5.2.0
338 silly packumentCache full:https://registry.npmjs.org/@aws-crypto%2futil cache-miss
339 silly fetch manifest @smithy/util-utf8@^2.0.0
340 silly packumentCache full:https://registry.npmjs.org/@smithy%2futil-utf8 cache-miss
341 silly fetch manifest @aws-crypto/sha256-js@^5.2.0
342 silly packumentCache full:https://registry.npmjs.org/@aws-crypto%2fsha256-js cache-miss
343 silly fetch manifest @aws-sdk/util-locate-window@^3.0.0
344 silly packumentCache full:https://registry.npmjs.org/@aws-sdk%2futil-locate-window cache-miss
345 silly fetch manifest @aws-crypto/supports-web-crypto@^5.2.0
346 silly packumentCache full:https://registry.npmjs.org/@aws-crypto%2fsupports-web-crypto cache-miss
347 silly fetch manifest @aws-sdk/types@^3.222.0
348 silly packumentCache full:https://registry.npmjs.org/@aws-sdk%2ftypes cache-miss
349 silly fetch manifest @aws-crypto/util@^5.2.0
350 silly packumentCache full:https://registry.npmjs.org/@aws-crypto%2futil cache-miss
351 http fetch GET 200 https://registry.npmjs.org/@aws-crypto%2fsha256-js 69ms (cache hit)
352 silly packumentCache full:https://registry.npmjs.org/@aws-crypto%2fsha256-js set size:54628 disposed:false
353 silly fetch manifest @aws-sdk/xml-builder@^3.972.16
354 silly packumentCache full:https://registry.npmjs.org/@aws-sdk%2fxml-builder cache-miss
355 http fetch GET 200 https://registry.npmjs.org/@smithy%2futil-utf8 72ms (cache hit)
356 silly packumentCache full:https://registry.npmjs.org/@smithy%2futil-utf8 set size:50817 disposed:false
357 silly fetch manifest @smithy/property-provider@^4.2.12
358 silly packumentCache full:https://registry.npmjs.org/@smithy%2fproperty-provider cache-miss
359 http fetch GET 200 https://registry.npmjs.org/@aws-sdk%2ftypes 75ms (cache hit)
360 silly packumentCache full:https://registry.npmjs.org/@aws-sdk%2ftypes set size:514970 disposed:false
361 silly fetch manifest @smithy/signature-v4@^5.3.12
362 silly packumentCache full:https://registry.npmjs.org/@smithy%2fsignature-v4 cache-miss
363 http fetch GET 200 https://registry.npmjs.org/@aws-sdk%2ftypes 91ms (cache hit)
364 silly packumentCache full:https://registry.npmjs.org/@aws-sdk%2ftypes set size:514970 disposed:false
365 silly packumentCache full:https://registry.npmjs.org/@aws-sdk%2ftypes dispose
366 silly fetch manifest @aws-sdk/credential-provider-env@^3.972.24
367 silly packumentCache full:https://registry.npmjs.org/@aws-sdk%2fcredential-provider-env cache-miss
368 http fetch GET 200 https://registry.npmjs.org/@smithy%2futil-utf8 112ms (cache hit)
369 silly packumentCache full:https://registry.npmjs.org/@smithy%2futil-utf8 set size:50817 disposed:false
370 silly packumentCache full:https://registry.npmjs.org/@smithy%2futil-utf8 dispose
371 silly fetch manifest @aws-sdk/credential-provider-http@^3.972.26
372 silly packumentCache full:https://registry.npmjs.org/@aws-sdk%2fcredential-provider-http cache-miss
373 http fetch GET 200 https://registry.npmjs.org/@aws-sdk%2ftypes 130ms (cache hit)
374 silly packumentCache full:https://registry.npmjs.org/@aws-sdk%2ftypes set size:514970 disposed:true
375 silly packumentCache full:https://registry.npmjs.org/@aws-sdk%2ftypes dispose
376 silly fetch manifest @aws-sdk/credential-provider-ini@^3.972.28
377 silly packumentCache full:https://registry.npmjs.org/@aws-sdk%2fcredential-provider-ini cache-miss
378 http fetch GET 200 https://registry.npmjs.org/@aws-crypto%2futil 185ms (cache miss)
379 silly packumentCache full:https://registry.npmjs.org/@aws-crypto%2futil set size:undefined disposed:false
380 silly fetch manifest @aws-sdk/credential-provider-process@^3.972.24
381 silly packumentCache full:https://registry.npmjs.org/@aws-sdk%2fcredential-provider-process cache-miss
382 http fetch GET 200 https://registry.npmjs.org/@aws-crypto%2futil 181ms (cache miss)
383 silly packumentCache full:https://registry.npmjs.org/@aws-crypto%2futil set size:undefined disposed:false
384 silly fetch manifest @aws-sdk/credential-provider-sso@^3.972.28
385 silly packumentCache full:https://registry.npmjs.org/@aws-sdk%2fcredential-provider-sso cache-miss
386 http fetch GET 200 https://registry.npmjs.org/@aws-crypto%2futil 190ms (cache miss)
387 silly packumentCache full:https://registry.npmjs.org/@aws-crypto%2futil set size:undefined disposed:false
388 silly fetch manifest @aws-sdk/credential-provider-web-identity@^3.972.28
389 silly packumentCache full:https://registry.npmjs.org/@aws-sdk%2fcredential-provider-web-identity cache-miss
390 http fetch GET 200 https://registry.npmjs.org/@aws-crypto%2fsupports-web-crypto 189ms (cache miss)
391 silly packumentCache full:https://registry.npmjs.org/@aws-crypto%2fsupports-web-crypto set size:undefined disposed:false
392 silly fetch manifest @smithy/credential-provider-imds@^4.2.12
393 silly packumentCache full:https://registry.npmjs.org/@smithy%2fcredential-provider-imds cache-miss
394 http fetch GET 200 https://registry.npmjs.org/@aws-crypto%2fsupports-web-crypto 200ms (cache miss)
395 silly packumentCache full:https://registry.npmjs.org/@aws-crypto%2fsupports-web-crypto set size:undefined disposed:false
396 silly fetch manifest @smithy/property-provider@^4.2.12
397 silly packumentCache full:https://registry.npmjs.org/@smithy%2fproperty-provider cache-miss
398 http fetch GET 200 https://registry.npmjs.org/@aws-sdk%2futil-locate-window 219ms (cache miss)
399 silly packumentCache full:https://registry.npmjs.org/@aws-sdk%2futil-locate-window set size:undefined disposed:false
400 silly fetch manifest @smithy/shared-ini-file-loader@^4.4.7
401 silly packumentCache full:https://registry.npmjs.org/@smithy%2fshared-ini-file-loader cache-miss
402 http fetch GET 200 https://registry.npmjs.org/@aws-sdk%2futil-locate-window 234ms (cache miss)
403 silly packumentCache full:https://registry.npmjs.org/@aws-sdk%2futil-locate-window set size:undefined disposed:false
404 silly fetch manifest @aws-sdk/util-arn-parser@^3.972.3
405 silly packumentCache full:https://registry.npmjs.org/@aws-sdk%2futil-arn-parser cache-miss
406 http fetch GET 200 https://registry.npmjs.org/@smithy%2fsignature-v4 172ms (cache miss)
407 silly packumentCache full:https://registry.npmjs.org/@smithy%2fsignature-v4 set size:undefined disposed:false
408 silly fetch manifest @smithy/util-config-provider@^4.2.2
409 silly packumentCache full:https://registry.npmjs.org/@smithy%2futil-config-provider cache-miss
410 http fetch GET 200 https://registry.npmjs.org/@smithy%2fproperty-provider 191ms (cache miss)
411 silly packumentCache full:https://registry.npmjs.org/@smithy%2fproperty-provider set size:undefined disposed:false
412 silly fetch manifest @aws-crypto/crc32@5.2.0
413 silly packumentCache full:https://registry.npmjs.org/@aws-crypto%2fcrc32 cache-miss
414 http fetch GET 200 https://registry.npmjs.org/@aws-sdk%2fxml-builder 212ms (cache miss)
415 silly packumentCache full:https://registry.npmjs.org/@aws-sdk%2fxml-builder set size:undefined disposed:false
416 silly fetch manifest @aws-crypto/crc32c@5.2.0
417 silly packumentCache full:https://registry.npmjs.org/@aws-crypto%2fcrc32c cache-miss
418 http fetch GET 200 https://registry.npmjs.org/@aws-sdk%2fcredential-provider-http 196ms (cache miss)
419 silly packumentCache full:https://registry.npmjs.org/@aws-sdk%2fcredential-provider-http set size:undefined disposed:false
420 silly fetch manifest @aws-crypto/util@5.2.0
421 silly packumentCache full:https://registry.npmjs.org/@aws-crypto%2futil cache-miss
422 http fetch GET 200 https://registry.npmjs.org/@aws-sdk%2fcredential-provider-env 237ms (cache miss)
423 silly packumentCache full:https://registry.npmjs.org/@aws-sdk%2fcredential-provider-env set size:undefined disposed:false
424 silly fetch manifest @aws-sdk/crc64-nvme@^3.972.5
425 silly packumentCache full:https://registry.npmjs.org/@aws-sdk%2fcrc64-nvme cache-miss
426 http fetch GET 200 https://registry.npmjs.org/@aws-crypto%2futil 56ms (cache hit)
427 silly packumentCache full:https://registry.npmjs.org/@aws-crypto%2futil set size:30876 disposed:false
428 silly fetch manifest @smithy/is-array-buffer@^4.2.2
429 silly packumentCache full:https://registry.npmjs.org/@smithy%2fis-array-buffer cache-miss
430 http fetch GET 200 https://registry.npmjs.org/@smithy%2fcredential-provider-imds 182ms (cache miss)
431 silly packumentCache full:https://registry.npmjs.org/@smithy%2fcredential-provider-imds set size:undefined disposed:false
432 silly fetch manifest @aws/lambda-invoke-store@^0.2.2
433 silly packumentCache full:https://registry.npmjs.org/@aws%2flambda-invoke-store cache-miss
434 http fetch GET 200 https://registry.npmjs.org/@smithy%2fshared-ini-file-loader 183ms (cache miss)
435 silly packumentCache full:https://registry.npmjs.org/@smithy%2fshared-ini-file-loader set size:undefined disposed:false
436 silly fetch manifest @aws-sdk/util-arn-parser@^3.972.3
437 silly packumentCache full:https://registry.npmjs.org/@aws-sdk%2futil-arn-parser cache-miss
438 http fetch GET 200 https://registry.npmjs.org/@aws-crypto%2fcrc32 150ms (cache miss)
439 silly packumentCache full:https://registry.npmjs.org/@aws-crypto%2fcrc32 set size:undefined disposed:false
440 silly fetch manifest @smithy/util-config-provider@^4.2.2
441 silly packumentCache full:https://registry.npmjs.org/@smithy%2futil-config-provider cache-miss
442 http fetch GET 200 https://registry.npmjs.org/@aws-crypto%2fcrc32c 144ms (cache miss)
443 silly packumentCache full:https://registry.npmjs.org/@aws-crypto%2fcrc32c set size:undefined disposed:false
444 silly fetch manifest bowser@^2.11.0
445 silly packumentCache full:https://registry.npmjs.org/bowser cache-miss
446 http fetch GET 200 https://registry.npmjs.org/@aws-sdk%2futil-arn-parser 219ms (cache miss)
447 silly packumentCache full:https://registry.npmjs.org/@aws-sdk%2futil-arn-parser set size:undefined disposed:false
448 silly fetch manifest @smithy/util-config-provider@^4.2.2
449 silly packumentCache full:https://registry.npmjs.org/@smithy%2futil-config-provider cache-miss
450 http fetch GET 200 https://registry.npmjs.org/@aws-sdk%2fcrc64-nvme 123ms (cache miss)
451 silly packumentCache full:https://registry.npmjs.org/@aws-sdk%2fcrc64-nvme set size:undefined disposed:false
452 silly fetch manifest @smithy/node-config-provider@^4.3.13
453 silly packumentCache full:https://registry.npmjs.org/@smithy%2fnode-config-provider cache-miss
454 http fetch GET 200 https://registry.npmjs.org/@aws-sdk%2fcredential-provider-web-identity 289ms (cache miss)
455 silly packumentCache full:https://registry.npmjs.org/@aws-sdk%2fcredential-provider-web-identity set size:undefined disposed:false
456 silly fetch manifest @smithy/types@^4.14.0
457 silly packumentCache full:https://registry.npmjs.org/@smithy%2ftypes cache-miss
458 http fetch GET 200 https://registry.npmjs.org/@aws-sdk%2fcredential-provider-process 314ms (cache miss)
459 silly packumentCache full:https://registry.npmjs.org/@aws-sdk%2fcredential-provider-process set size:undefined disposed:false
460 silly fetch manifest @smithy/util-config-provider@^4.2.2
461 silly packumentCache full:https://registry.npmjs.org/@smithy%2futil-config-provider cache-miss
462 http fetch GET 200 https://registry.npmjs.org/@smithy%2fis-array-buffer 140ms (cache miss)
463 silly packumentCache full:https://registry.npmjs.org/@smithy%2fis-array-buffer set size:undefined disposed:false
464 silly fetch manifest @smithy/util-endpoints@^3.3.4
465 silly packumentCache full:https://registry.npmjs.org/@smithy%2futil-endpoints cache-miss
466 http fetch GET 200 https://registry.npmjs.org/@aws%2flambda-invoke-store 136ms (cache miss)
467 silly packumentCache full:https://registry.npmjs.org/@aws%2flambda-invoke-store set size:undefined disposed:false
468 silly fetch manifest @smithy/util-middleware@^4.2.13
469 silly packumentCache full:https://registry.npmjs.org/@smithy%2futil-middleware cache-miss
470 http fetch GET 200 https://registry.npmjs.org/@smithy%2fnode-config-provider 61ms (cache hit)
471 silly packumentCache full:https://registry.npmjs.org/@smithy%2fnode-config-provider set size:229159 disposed:false
472 silly fetch manifest @smithy/protocol-http@^5.3.13
473 silly packumentCache full:https://registry.npmjs.org/@smithy%2fprotocol-http cache-miss
474 http fetch GET 200 https://registry.npmjs.org/@smithy%2ftypes 59ms (cache hit)
475 silly packumentCache full:https://registry.npmjs.org/@smithy%2ftypes set size:185632 disposed:false
476 silly fetch manifest @smithy/url-parser@^4.2.13
477 silly packumentCache full:https://registry.npmjs.org/@smithy%2furl-parser cache-miss
478 http fetch GET 200 https://registry.npmjs.org/@aws-sdk%2fcredential-provider-ini 423ms (cache miss)
479 silly packumentCache full:https://registry.npmjs.org/@aws-sdk%2fcredential-provider-ini set size:undefined disposed:false
480 silly fetch manifest @smithy/util-middleware@^4.2.13
481 silly packumentCache full:https://registry.npmjs.org/@smithy%2futil-middleware cache-miss
482 http fetch GET 200 https://registry.npmjs.org/@smithy%2futil-endpoints 75ms (cache hit)
483 silly packumentCache full:https://registry.npmjs.org/@smithy%2futil-endpoints set size:167353 disposed:false
484 silly fetch manifest @smithy/util-stream@^4.5.22
485 silly packumentCache full:https://registry.npmjs.org/@smithy%2futil-stream cache-miss
486 http fetch GET 200 https://registry.npmjs.org/@smithy%2futil-config-provider 164ms (cache miss)
487 silly packumentCache full:https://registry.npmjs.org/@smithy%2futil-config-provider set size:undefined disposed:false
488 silly fetch manifest @smithy/uuid@^1.1.2
489 silly packumentCache full:https://registry.npmjs.org/@smithy%2fuuid cache-miss
490 http fetch GET 200 https://registry.npmjs.org/@aws-sdk%2futil-arn-parser 183ms (cache miss)
491 silly packumentCache full:https://registry.npmjs.org/@aws-sdk%2futil-arn-parser set size:undefined disposed:false
492 silly fetch manifest @smithy/eventstream-serde-universal@^4.2.13
493 silly packumentCache full:https://registry.npmjs.org/@smithy%2feventstream-serde-universal cache-miss
494 http fetch GET 200 https://registry.npmjs.org/@smithy%2futil-middleware 95ms (cache hit)
495 silly packumentCache full:https://registry.npmjs.org/@smithy%2futil-middleware set size:157333 disposed:false
496 silly fetch manifest @smithy/eventstream-serde-universal@^4.2.13
497 silly packumentCache full:https://registry.npmjs.org/@smithy%2feventstream-serde-universal cache-miss
498 http fetch GET 200 https://registry.npmjs.org/@smithy%2fprotocol-http 82ms (cache hit)
499 silly packumentCache full:https://registry.npmjs.org/@smithy%2fprotocol-http set size:199252 disposed:false
500 silly fetch manifest @smithy/querystring-builder@^4.2.13
501 silly packumentCache full:https://registry.npmjs.org/@smithy%2fquerystring-builder cache-miss
502 http fetch GET 200 https://registry.npmjs.org/@smithy%2fproperty-provider 428ms (cache miss)
503 silly packumentCache full:https://registry.npmjs.org/@smithy%2fproperty-provider set size:undefined disposed:false
504 silly fetch manifest @smithy/chunked-blob-reader@^5.2.2
505 silly packumentCache full:https://registry.npmjs.org/@smithy%2fchunked-blob-reader cache-miss
506 http fetch GET 200 https://registry.npmjs.org/bowser 190ms (cache miss)
507 silly packumentCache full:https://registry.npmjs.org/bowser set size:undefined disposed:false
508 silly fetch manifest @smithy/chunked-blob-reader-native@^4.2.3
509 silly packumentCache full:https://registry.npmjs.org/@smithy%2fchunked-blob-reader-native cache-miss
510 http fetch GET 200 https://registry.npmjs.org/@smithy%2furl-parser 94ms (cache hit)
511 silly packumentCache full:https://registry.npmjs.org/@smithy%2furl-parser set size:187695 disposed:false
512 silly fetch manifest @smithy/util-buffer-from@^4.2.2
513 silly packumentCache full:https://registry.npmjs.org/@smithy%2futil-buffer-from cache-miss
514 http fetch GET 200 https://registry.npmjs.org/@smithy%2futil-config-provider 147ms (cache miss)
515 silly packumentCache full:https://registry.npmjs.org/@smithy%2futil-config-provider set size:undefined disposed:false
516 silly fetch manifest @smithy/middleware-serde@^4.2.17
517 silly packumentCache full:https://registry.npmjs.org/@smithy%2fmiddleware-serde cache-miss
518 http fetch GET 200 https://registry.npmjs.org/@smithy%2futil-middleware 87ms (cache hit)
519 silly packumentCache full:https://registry.npmjs.org/@smithy%2futil-middleware set size:157333 disposed:false
520 silly packumentCache full:https://registry.npmjs.org/@smithy%2futil-middleware dispose
521 silly fetch manifest @smithy/shared-ini-file-loader@^4.4.8
522 silly packumentCache full:https://registry.npmjs.org/@smithy%2fshared-ini-file-loader cache-miss
523 http fetch GET 200 https://registry.npmjs.org/@smithy%2futil-config-provider 207ms (cache miss)
524 silly packumentCache full:https://registry.npmjs.org/@smithy%2futil-config-provider set size:undefined disposed:false
525 silly fetch manifest @smithy/service-error-classification@^4.2.13
526 silly packumentCache full:https://registry.npmjs.org/@smithy%2fservice-error-classification cache-miss
527 http fetch GET 200 https://registry.npmjs.org/@smithy%2futil-stream 86ms (cache hit)
528 silly packumentCache full:https://registry.npmjs.org/@smithy%2futil-stream set size:454088 disposed:false
529 silly fetch manifest @smithy/smithy-client@^4.12.9
530 silly packumentCache full:https://registry.npmjs.org/@smithy%2fsmithy-client cache-miss
531 http fetch GET 200 https://registry.npmjs.org/@smithy%2fmiddleware-serde 43ms (cache hit)
532 silly packumentCache full:https://registry.npmjs.org/@smithy%2fmiddleware-serde set size:227194 disposed:false
533 silly fetch manifest @smithy/util-retry@^4.3.0
534 silly packumentCache full:https://registry.npmjs.org/@smithy%2futil-retry cache-miss
535 http fetch GET 200 https://registry.npmjs.org/@smithy%2fshared-ini-file-loader 41ms (cache hit)
536 silly packumentCache full:https://registry.npmjs.org/@smithy%2fshared-ini-file-loader set size:243066 disposed:false
537 silly fetch manifest @smithy/uuid@^1.1.2
538 silly packumentCache full:https://registry.npmjs.org/@smithy%2fuuid cache-miss
539 http fetch GET 200 https://registry.npmjs.org/@smithy%2fsmithy-client 50ms (cache hit)
540 silly packumentCache full:https://registry.npmjs.org/@smithy%2fsmithy-client set size:536819 disposed:false
541 silly fetch manifest @smithy/property-provider@^4.2.13
542 silly packumentCache full:https://registry.npmjs.org/@smithy%2fproperty-provider cache-miss
543 http fetch GET 200 https://registry.npmjs.org/@smithy%2feventstream-serde-universal 153ms (cache miss)
544 silly packumentCache full:https://registry.npmjs.org/@smithy%2feventstream-serde-universal set size:undefined disposed:false
545 silly fetch manifest @smithy/querystring-builder@^4.2.13
546 silly packumentCache full:https://registry.npmjs.org/@smithy%2fquerystring-builder cache-miss
547 http fetch GET 200 https://registry.npmjs.org/@smithy%2futil-retry 75ms (cache hit)
548 silly packumentCache full:https://registry.npmjs.org/@smithy%2futil-retry set size:181868 disposed:false
549 silly fetch manifest @smithy/querystring-parser@^4.2.13
550 silly packumentCache full:https://registry.npmjs.org/@smithy%2fquerystring-parser cache-miss
551 http fetch GET 200 https://registry.npmjs.org/@smithy%2fproperty-provider 44ms (cache hit)
552 silly packumentCache full:https://registry.npmjs.org/@smithy%2fproperty-provider set size:196273 disposed:false
553 silly fetch manifest @smithy/util-buffer-from@^4.2.2
554 silly packumentCache full:https://registry.npmjs.org/@smithy%2futil-buffer-from cache-miss
555 http fetch GET 200 https://registry.npmjs.org/@smithy%2futil-buffer-from 138ms (cache miss)
556 silly packumentCache full:https://registry.npmjs.org/@smithy%2futil-buffer-from set size:undefined disposed:false
557 silly fetch manifest @smithy/credential-provider-imds@^4.2.13
558 silly packumentCache full:https://registry.npmjs.org/@smithy%2fcredential-provider-imds cache-miss
559 http fetch GET 200 https://registry.npmjs.org/@smithy%2fuuid 198ms (cache miss)
560 silly packumentCache full:https://registry.npmjs.org/@smithy%2fuuid set size:undefined disposed:false
561 silly fetch manifest @smithy/service-error-classification@^4.2.13
562 silly packumentCache full:https://registry.npmjs.org/@smithy%2fservice-error-classification cache-miss
563 http fetch GET 200 https://registry.npmjs.org/@smithy%2fchunked-blob-reader-native 165ms (cache miss)
564 silly packumentCache full:https://registry.npmjs.org/@smithy%2fchunked-blob-reader-native set size:undefined disposed:false
565 silly fetch manifest @smithy/util-hex-encoding@^4.2.2
566 silly packumentCache full:https://registry.npmjs.org/@smithy%2futil-hex-encoding cache-miss
567 http fetch GET 200 https://registry.npmjs.org/@smithy%2feventstream-serde-universal 189ms (cache miss)
568 silly packumentCache full:https://registry.npmjs.org/@smithy%2feventstream-serde-universal set size:undefined disposed:false
569 http fetch GET 200 https://registry.npmjs.org/@smithy%2fchunked-blob-reader 178ms (cache miss)
570 silly packumentCache full:https://registry.npmjs.org/@smithy%2fchunked-blob-reader set size:undefined disposed:false
571 http fetch GET 200 https://registry.npmjs.org/@smithy%2fuuid 113ms (cache miss)
572 silly packumentCache full:https://registry.npmjs.org/@smithy%2fuuid set size:undefined disposed:false
573 http fetch GET 200 https://registry.npmjs.org/@smithy%2futil-buffer-from 36ms (cache hit)
574 silly packumentCache full:https://registry.npmjs.org/@smithy%2futil-buffer-from set size:44356 disposed:false
575 http fetch GET 200 https://registry.npmjs.org/@smithy%2fcredential-provider-imds 34ms (cache hit)
576 silly packumentCache full:https://registry.npmjs.org/@smithy%2fcredential-provider-imds set size:246066 disposed:false
577 http fetch GET 200 https://registry.npmjs.org/@smithy%2futil-config-provider 711ms (cache miss)
578 silly packumentCache full:https://registry.npmjs.org/@smithy%2futil-config-provider set size:undefined disposed:false
579 http fetch GET 200 https://registry.npmjs.org/@smithy%2fquerystring-parser 199ms (cache miss)
580 silly packumentCache full:https://registry.npmjs.org/@smithy%2fquerystring-parser set size:undefined disposed:false
581 http fetch GET 200 https://registry.npmjs.org/@smithy%2fservice-error-classification 391ms (cache miss)
582 silly packumentCache full:https://registry.npmjs.org/@smithy%2fservice-error-classification set size:undefined disposed:false
583 http fetch GET 200 https://registry.npmjs.org/@smithy%2futil-hex-encoding 389ms (cache miss)
584 silly packumentCache full:https://registry.npmjs.org/@smithy%2futil-hex-encoding set size:undefined disposed:false
585 http fetch GET 200 https://registry.npmjs.org/@aws-sdk%2fcredential-provider-sso 1219ms (cache miss)
586 silly packumentCache full:https://registry.npmjs.org/@aws-sdk%2fcredential-provider-sso set size:undefined disposed:false
587 http fetch GET 200 https://registry.npmjs.org/@smithy%2fquerystring-builder 1162ms (cache miss)
588 silly packumentCache full:https://registry.npmjs.org/@smithy%2fquerystring-builder set size:undefined disposed:false
589 http fetch GET 200 https://registry.npmjs.org/@smithy%2fservice-error-classification 1173ms (cache miss)
590 silly packumentCache full:https://registry.npmjs.org/@smithy%2fservice-error-classification set size:undefined disposed:false
591 http fetch GET 200 https://registry.npmjs.org/@smithy%2fquerystring-builder 1092ms (cache miss)
592 silly packumentCache full:https://registry.npmjs.org/@smithy%2fquerystring-builder set size:undefined disposed:false
593 silly placeDep ROOT @aws-crypto/supports-web-crypto@5.2.0 OK for: @aws-crypto/sha1-browser@5.2.0 want: ^5.2.0
594 silly placeDep ROOT @aws-crypto/util@5.2.0 OK for: @aws-crypto/sha1-browser@5.2.0 want: ^5.2.0
595 silly placeDep ROOT @aws-sdk/util-locate-window@3.965.5 OK for: @aws-crypto/sha1-browser@5.2.0 want: ^3.0.0
596 silly placeDep node_modules/@aws-crypto/sha1-browser @smithy/util-utf8@2.3.0 OK for: @aws-crypto/sha1-browser@5.2.0 want: ^2.0.0
597 silly fetch manifest @smithy/util-buffer-from@^2.2.0
598 silly packumentCache full:https://registry.npmjs.org/@smithy%2futil-buffer-from cache-hit
599 silly placeDep node_modules/@aws-crypto/sha256-browser @smithy/util-utf8@2.3.0 OK for: @aws-crypto/sha256-browser@5.2.0 want: ^2.0.0
600 silly placeDep node_modules/@aws-crypto/util @smithy/util-utf8@2.3.0 OK for: @aws-crypto/util@5.2.0 want: ^2.0.0
601 silly placeDep ROOT @aws-sdk/xml-builder@3.972.16 OK for: @aws-sdk/core@3.973.26 want: ^3.972.16
602 silly placeDep ROOT @smithy/property-provider@4.2.13 OK for: @aws-sdk/core@3.973.26 want: ^4.2.12
603 silly placeDep ROOT @smithy/signature-v4@5.3.13 OK for: @aws-sdk/core@3.973.26 want: ^5.3.12
604 silly fetch manifest fast-xml-parser@5.5.8
605 silly packumentCache full:https://registry.npmjs.org/fast-xml-parser cache-miss
606 silly fetch manifest @smithy/util-uri-escape@^4.2.2
607 silly packumentCache full:https://registry.npmjs.org/@smithy%2futil-uri-escape cache-miss
608 http fetch GET 200 https://registry.npmjs.org/fast-xml-parser 143ms (cache miss)
609 silly packumentCache full:https://registry.npmjs.org/fast-xml-parser set size:undefined disposed:false
610 http fetch GET 200 https://registry.npmjs.org/@smithy%2futil-uri-escape 153ms (cache miss)
611 silly packumentCache full:https://registry.npmjs.org/@smithy%2futil-uri-escape set size:undefined disposed:false
612 silly placeDep ROOT @aws-sdk/credential-provider-env@3.972.24 OK for: @aws-sdk/credential-provider-node@3.972.29 want: ^3.972.24
613 silly placeDep ROOT @aws-sdk/credential-provider-http@3.972.26 OK for: @aws-sdk/credential-provider-node@3.972.29 want: ^3.972.26
614 silly placeDep ROOT @aws-sdk/credential-provider-ini@3.972.28 OK for: @aws-sdk/credential-provider-node@3.972.29 want: ^3.972.28
615 silly placeDep ROOT @aws-sdk/credential-provider-process@3.972.24 OK for: @aws-sdk/credential-provider-node@3.972.29 want: ^3.972.24
616 silly placeDep ROOT @aws-sdk/credential-provider-sso@3.972.28 OK for: @aws-sdk/credential-provider-node@3.972.29 want: ^3.972.28
617 silly placeDep ROOT @aws-sdk/credential-provider-web-identity@3.972.28 OK for: @aws-sdk/credential-provider-node@3.972.29 want: ^3.972.28
618 silly placeDep ROOT @smithy/credential-provider-imds@4.2.13 OK for: @aws-sdk/credential-provider-node@3.972.29 want: ^4.2.12
619 silly placeDep ROOT @smithy/shared-ini-file-loader@4.4.8 OK for: @aws-sdk/credential-provider-node@3.972.29 want: ^4.4.7
620 silly fetch manifest @aws-sdk/credential-provider-login@^3.972.28
621 silly packumentCache full:https://registry.npmjs.org/@aws-sdk%2fcredential-provider-login cache-miss
622 silly fetch manifest @aws-sdk/nested-clients@^3.996.18
623 silly packumentCache full:https://registry.npmjs.org/@aws-sdk%2fnested-clients cache-miss
624 silly fetch manifest @aws-sdk/nested-clients@^3.996.18
625 silly packumentCache full:https://registry.npmjs.org/@aws-sdk%2fnested-clients cache-miss
626 silly fetch manifest @aws-sdk/token-providers@3.1021.0
627 silly packumentCache full:https://registry.npmjs.org/@aws-sdk%2ftoken-providers cache-miss
628 silly fetch manifest @aws-sdk/nested-clients@^3.996.18
629 silly packumentCache full:https://registry.npmjs.org/@aws-sdk%2fnested-clients cache-miss
630 http fetch GET 200 https://registry.npmjs.org/@aws-sdk%2fcredential-provider-login 175ms (cache miss)
631 silly packumentCache full:https://registry.npmjs.org/@aws-sdk%2fcredential-provider-login set size:undefined disposed:false
632 http fetch GET 200 https://registry.npmjs.org/@aws-sdk%2fnested-clients 177ms (cache miss)
633 silly packumentCache full:https://registry.npmjs.org/@aws-sdk%2fnested-clients set size:undefined disposed:false
634 http fetch GET 200 https://registry.npmjs.org/@aws-sdk%2fnested-clients 193ms (cache miss)
635 silly packumentCache full:https://registry.npmjs.org/@aws-sdk%2fnested-clients set size:undefined disposed:false
636 http fetch GET 200 https://registry.npmjs.org/@aws-sdk%2ftoken-providers 201ms (cache miss)
637 silly packumentCache full:https://registry.npmjs.org/@aws-sdk%2ftoken-providers set size:undefined disposed:false
638 http fetch GET 200 https://registry.npmjs.org/@aws-sdk%2fnested-clients 211ms (cache miss)
639 silly packumentCache full:https://registry.npmjs.org/@aws-sdk%2fnested-clients set size:undefined disposed:false
640 silly placeDep ROOT @aws-sdk/credential-provider-login@3.972.28 OK for: @aws-sdk/credential-provider-ini@3.972.28 want: ^3.972.28
641 silly placeDep ROOT @aws-sdk/nested-clients@3.996.18 OK for: @aws-sdk/credential-provider-ini@3.972.28 want: ^3.996.18
642 silly placeDep ROOT @aws-sdk/token-providers@3.1021.0 OK for: @aws-sdk/credential-provider-sso@3.972.28 want: 3.1021.0
643 silly placeDep ROOT @aws-sdk/util-arn-parser@3.972.3 OK for: @aws-sdk/middleware-bucket-endpoint@3.972.8 want: ^3.972.3
644 silly placeDep ROOT @smithy/util-config-provider@4.2.2 OK for: @aws-sdk/middleware-bucket-endpoint@3.972.8 want: ^4.2.2
645 silly placeDep ROOT @aws-crypto/crc32@5.2.0 OK for: @aws-sdk/middleware-flexible-checksums@3.974.6 want: 5.2.0
646 silly placeDep ROOT @aws-crypto/crc32c@5.2.0 OK for: @aws-sdk/middleware-flexible-checksums@3.974.6 want: 5.2.0
647 silly placeDep ROOT @aws-sdk/crc64-nvme@3.972.5 OK for: @aws-sdk/middleware-flexible-checksums@3.974.6 want: ^3.972.5
648 silly placeDep ROOT @smithy/is-array-buffer@4.2.2 OK for: @aws-sdk/middleware-flexible-checksums@3.974.6 want: ^4.2.2
649 silly placeDep ROOT @aws/lambda-invoke-store@0.2.4 OK for: @aws-sdk/middleware-recursion-detection@3.972.9 want: ^0.2.2
650 silly placeDep ROOT bowser@2.14.1 OK for: @aws-sdk/util-user-agent-browser@3.972.8 want: ^2.11.0
651 silly placeDep ROOT fast-xml-parser@5.5.8 OK for: @aws-sdk/xml-builder@3.972.16 want: 5.5.8
652 silly fetch manifest strnum@^2.2.0
653 silly packumentCache full:https://registry.npmjs.org/strnum cache-miss
654 silly fetch manifest fast-xml-builder@^1.1.4
655 silly packumentCache full:https://registry.npmjs.org/fast-xml-builder cache-miss
656 silly fetch manifest path-expression-matcher@^1.2.0
657 silly packumentCache full:https://registry.npmjs.org/path-expression-matcher cache-miss
658 http fetch GET 200 https://registry.npmjs.org/strnum 194ms (cache miss)
659 silly packumentCache full:https://registry.npmjs.org/strnum set size:undefined disposed:false
660 http fetch GET 200 https://registry.npmjs.org/path-expression-matcher 194ms (cache miss)
661 silly packumentCache full:https://registry.npmjs.org/path-expression-matcher set size:undefined disposed:false
662 http fetch GET 200 https://registry.npmjs.org/fast-xml-builder 198ms (cache miss)
663 silly packumentCache full:https://registry.npmjs.org/fast-xml-builder set size:undefined disposed:false
664 silly placeDep ROOT @smithy/uuid@1.1.2 OK for: @smithy/core@3.23.14 want: ^1.1.2
665 silly placeDep ROOT @smithy/eventstream-serde-universal@4.2.13 OK for: @smithy/eventstream-serde-browser@4.2.13 want: ^4.2.13
666 silly fetch manifest @smithy/eventstream-codec@^4.2.13
667 silly packumentCache full:https://registry.npmjs.org/@smithy%2feventstream-codec cache-miss
668 http fetch GET 200 https://registry.npmjs.org/@smithy%2feventstream-codec 1222ms (cache miss)
669 silly packumentCache full:https://registry.npmjs.org/@smithy%2feventstream-codec set size:undefined disposed:false
670 silly placeDep ROOT @smithy/eventstream-codec@4.2.13 OK for: @smithy/eventstream-serde-universal@4.2.13 want: ^4.2.13
671 silly placeDep ROOT @smithy/util-hex-encoding@4.2.2 OK for: @smithy/eventstream-codec@4.2.13 want: ^4.2.2
672 silly placeDep ROOT @smithy/querystring-builder@4.2.13 OK for: @smithy/fetch-http-handler@5.3.16 want: ^4.2.13
673 silly placeDep ROOT @smithy/chunked-blob-reader@5.2.2 OK for: @smithy/hash-blob-browser@4.2.14 want: ^5.2.2
674 silly placeDep ROOT @smithy/chunked-blob-reader-native@4.2.3 OK for: @smithy/hash-blob-browser@4.2.14 want: ^4.2.3
675 silly placeDep ROOT @smithy/util-buffer-from@4.2.2 OK for: @smithy/hash-node@4.2.13 want: ^4.2.2
676 silly placeDep ROOT @smithy/service-error-classification@4.2.13 OK for: @smithy/middleware-retry@4.5.0 want: ^4.2.13
677 silly placeDep ROOT @smithy/util-uri-escape@4.2.2 OK for: @smithy/querystring-builder@4.2.13 want: ^4.2.2
678 silly placeDep ROOT @smithy/querystring-parser@4.2.13 OK for: @smithy/url-parser@4.2.13 want: ^4.2.13
679 silly placeDep ROOT fast-xml-builder@1.1.4 OK for: fast-xml-parser@5.5.8 want: ^1.1.4
680 silly placeDep ROOT path-expression-matcher@1.3.0 OK for: fast-xml-parser@5.5.8 want: ^1.2.0
681 silly placeDep ROOT strnum@2.2.3 OK for: fast-xml-parser@5.5.8 want: ^2.2.0
682 silly fetch manifest path-expression-matcher@^1.1.3
683 silly packumentCache full:https://registry.npmjs.org/path-expression-matcher cache-miss
684 http fetch GET 200 https://registry.npmjs.org/path-expression-matcher 14ms (cache hit)
685 silly packumentCache full:https://registry.npmjs.org/path-expression-matcher set size:43548 disposed:false
686 silly fetch manifest @aws-sdk/client-s3@^3.0.0
687 silly packumentCache full:https://registry.npmjs.org/@aws-sdk%2fclient-s3 cache-miss
688 http fetch GET 200 https://registry.npmjs.org/@aws-sdk%2fclient-s3 28ms (cache hit)
689 silly packumentCache full:https://registry.npmjs.org/@aws-sdk%2fclient-s3 set size:3693179 disposed:false
690 silly placeDep ROOT @aws-sdk/lib-storage@3.1025.0 OK for: multer-s3@3.0.1 want: ^3.46.0
691 silly placeDep ROOT file-type@3.9.0 OK for: multer-s3@3.0.1 want: ^3.3.0
692 silly placeDep ROOT html-comment-regex@1.1.2 OK for: multer-s3@3.0.1 want: ^1.1.2
693 silly placeDep ROOT run-parallel@1.2.0 OK for: multer-s3@3.0.1 want: ^1.1.6
694 silly fetch manifest buffer@5.6.0
695 silly packumentCache full:https://registry.npmjs.org/buffer cache-miss
696 silly fetch manifest events@3.3.0
697 silly packumentCache full:https://registry.npmjs.org/events cache-miss
698 silly fetch manifest stream-browserify@3.0.0
699 silly packumentCache full:https://registry.npmjs.org/stream-browserify cache-miss
700 silly fetch manifest queue-microtask@^1.2.2
701 silly packumentCache full:https://registry.npmjs.org/queue-microtask cache-miss
702 http fetch GET 200 https://registry.npmjs.org/stream-browserify 132ms (cache miss)
703 silly packumentCache full:https://registry.npmjs.org/stream-browserify set size:undefined disposed:false
704 http fetch GET 200 https://registry.npmjs.org/queue-microtask 133ms (cache miss)
705 silly packumentCache full:https://registry.npmjs.org/queue-microtask set size:undefined disposed:false
706 http fetch GET 200 https://registry.npmjs.org/events 141ms (cache miss)
707 silly packumentCache full:https://registry.npmjs.org/events set size:undefined disposed:false
708 http fetch GET 200 https://registry.npmjs.org/buffer 147ms (cache miss)
709 silly packumentCache full:https://registry.npmjs.org/buffer set size:undefined disposed:false
710 silly placeDep node_modules/@aws-sdk/lib-storage buffer@5.6.0 OK for: @aws-sdk/lib-storage@3.1025.0 want: 5.6.0
711 silly placeDep ROOT events@3.3.0 OK for: @aws-sdk/lib-storage@3.1025.0 want: 3.3.0
712 silly placeDep ROOT stream-browserify@3.0.0 OK for: @aws-sdk/lib-storage@3.1025.0 want: 3.0.0
713 silly placeDep ROOT queue-microtask@1.2.3 OK for: run-parallel@1.2.0 want: ^1.2.2
714 silly placeDep node_modules/@aws-crypto/sha1-browser @smithy/util-buffer-from@2.2.0 OK for: @smithy/util-utf8@2.3.0 want: ^2.2.0
715 silly fetch manifest @smithy/is-array-buffer@^2.2.0
716 silly packumentCache full:https://registry.npmjs.org/@smithy%2fis-array-buffer cache-miss
717 http fetch GET 200 https://registry.npmjs.org/@smithy%2fis-array-buffer 18ms (cache hit)
718 silly packumentCache full:https://registry.npmjs.org/@smithy%2fis-array-buffer set size:40555 disposed:false
719 silly placeDep node_modules/@aws-crypto/sha1-browser @smithy/is-array-buffer@2.2.0 OK for: @smithy/util-buffer-from@2.2.0 want: ^2.2.0
720 silly placeDep node_modules/@aws-crypto/sha256-browser @smithy/util-buffer-from@2.2.0 OK for: @smithy/util-utf8@2.3.0 want: ^2.2.0
721 silly placeDep node_modules/@aws-crypto/sha256-browser @smithy/is-array-buffer@2.2.0 OK for: @smithy/util-buffer-from@2.2.0 want: ^2.2.0
722 silly placeDep node_modules/@aws-crypto/util @smithy/util-buffer-from@2.2.0 OK for: @smithy/util-utf8@2.3.0 want: ^2.2.0
723 silly placeDep node_modules/@aws-crypto/util @smithy/is-array-buffer@2.2.0 OK for: @smithy/util-buffer-from@2.2.0 want: ^2.2.0
724 silly reify moves {}
725 silly audit bulk request {
725 silly audit   '@gar/promisify': [ '1.1.3' ],
725 silly audit   '@mongodb-js/saslprep': [ '1.3.0' ],
725 silly audit   '@npmcli/fs': [ '1.1.1' ],
725 silly audit   '@npmcli/move-file': [ '1.1.2' ],
725 silly audit   mkdirp: [ '1.0.4' ],
725 silly audit   '@tootallnate/once': [ '1.1.2' ],
725 silly audit   '@types/debug': [ '4.1.12' ],
725 silly audit   '@types/ms': [ '2.1.0' ],
725 silly audit   '@types/node': [ '24.4.0' ],
725 silly audit   '@types/validator': [ '13.15.3' ],
725 silly audit   '@types/webidl-conversions': [ '7.0.3' ],
725 silly audit   '@types/whatwg-url': [ '11.0.5' ],
725 silly audit   abbrev: [ '1.1.1' ],
725 silly audit   accepts: [ '2.0.0' ],
725 silly audit   'agent-base': [ '6.0.2' ],
725 silly audit   agentkeepalive: [ '4.6.0' ],
725 silly audit   'aggregate-error': [ '3.1.0' ],
725 silly audit   'ansi-regex': [ '5.0.1' ],
725 silly audit   anymatch: [ '3.1.3' ],
725 silly audit   'append-field': [ '1.0.0' ],
725 silly audit   aproba: [ '2.1.0' ],
725 silly audit   'are-we-there-yet': [ '3.0.1' ],
725 silly audit   asynckit: [ '0.4.0' ],
725 silly audit   axios: [ '1.12.2' ],
725 silly audit   'balanced-match': [ '1.0.2' ],
725 silly audit   'base64-js': [ '1.5.1' ],
725 silly audit   base64url: [ '3.0.1' ],
725 silly audit   bcryptjs: [ '3.0.2' ],
725 silly audit   'binary-extensions': [ '2.3.0' ],
725 silly audit   bindings: [ '1.5.0' ],
725 silly audit   bl: [ '4.1.0' ],
725 silly audit   'body-parser': [ '2.2.0' ],
725 silly audit   'brace-expansion': [ '1.1.12' ],
725 silly audit   braces: [ '3.0.3' ],
725 silly audit   bson: [ '6.10.4' ],
725 silly audit   buffer: [ '5.7.1', '5.6.0' ],
725 silly audit   'buffer-equal-constant-time': [ '1.0.1' ],
725 silly audit   'buffer-from': [ '1.1.2' ],
725 silly audit   busboy: [ '1.6.0' ],
725 silly audit   bytes: [ '3.1.2' ],
725 silly audit   cacache: [ '15.3.0' ],
725 silly audit   'call-bind-apply-helpers': [ '1.0.2' ],
725 silly audit   'call-bound': [ '1.0.4' ],
725 silly audit   chokidar: [ '3.6.0' ],
725 silly audit   chownr: [ '2.0.0', '1.1.4' ],
725 silly audit   'clean-stack': [ '2.2.0' ],
725 silly audit   'color-support': [ '1.1.3' ],
725 silly audit   'combined-stream': [ '1.0.8' ],
725 silly audit   'concat-map': [ '0.0.1' ],
725 silly audit   'concat-stream': [ '2.0.0' ],
725 silly audit   'console-control-strings': [ '1.1.0' ],
725 silly audit   'content-disposition': [ '1.0.0' ],
725 silly audit   'content-type': [ '1.0.5' ],
725 silly audit   cookie: [ '0.7.2' ],
725 silly audit   'cookie-signature': [ '1.2.2', '1.0.7' ],
725 silly audit   cors: [ '2.8.5' ],
725 silly audit   dayjs: [ '1.11.18' ],
725 silly audit   debug: [ '4.4.3', '2.6.9' ],
725 silly audit   'decompress-response': [ '6.0.0' ],
725 silly audit   'deep-extend': [ '0.6.0' ],
725 silly audit   'delayed-stream': [ '1.0.0' ],
725 silly audit   delegates: [ '1.0.0' ],
725 silly audit   depd: [ '2.0.0' ],
725 silly audit   'detect-libc': [ '2.0.4' ],
725 silly audit   dotenv: [ '17.2.2' ],
725 silly audit   dottie: [ '2.0.6' ],
725 silly audit   'dunder-proto': [ '1.0.1' ],
725 silly audit   'ecdsa-sig-formatter': [ '1.0.11' ],
725 silly audit   'ee-first': [ '1.1.1' ],
725 silly audit   'emoji-regex': [ '8.0.0' ],
725 silly audit   encodeurl: [ '2.0.0' ],
725 silly audit   encoding: [ '0.1.13' ],
725 silly audit   'end-of-stream': [ '1.4.5' ],
725 silly audit   'env-paths': [ '2.2.1' ],
725 silly audit   'err-code': [ '2.0.3' ],
725 silly audit   'es-define-property': [ '1.0.1' ],
725 silly audit   'es-errors': [ '1.3.0' ],
725 silly audit   'es-object-atoms': [ '1.1.1' ],
725 silly audit   'es-set-tostringtag': [ '2.1.0' ],
725 silly audit   'escape-html': [ '1.0.3' ],
725 silly audit   etag: [ '1.8.1' ],
725 silly audit   'expand-template': [ '2.0.3' ],
725 silly audit   express: [ '5.1.0' ],
725 silly audit   'express-session': [ '1.18.2' ],
725 silly audit   ms: [ '2.0.0', '2.1.3' ],
725 silly audit   'file-uri-to-path': [ '1.0.0' ],
725 silly audit   'fill-range': [ '7.1.1' ],
725 silly audit   finalhandler: [ '2.1.0' ],
725 silly audit   'follow-redirects': [ '1.15.11' ],
725 silly audit   'form-data': [ '4.0.4' ],
725 silly audit   'mime-db': [ '1.52.0', '1.54.0' ],
725 silly audit   'mime-types': [ '2.1.35', '3.0.1' ],
725 silly audit   forwarded: [ '0.2.0' ],
725 silly audit   fresh: [ '2.0.0' ],
725 silly audit   'fs-constants': [ '1.0.0' ],
725 silly audit   'fs-minipass': [ '2.1.0' ],
725 silly audit   'fs.realpath': [ '1.0.0' ],
725 silly audit   fsevents: [ '2.3.3' ],
725 silly audit   'function-bind': [ '1.1.2' ],
725 silly audit   gauge: [ '4.0.4' ],
725 silly audit   'get-intrinsic': [ '1.3.0' ],
725 silly audit   'get-proto': [ '1.0.1' ],
725 silly audit   'github-from-package': [ '0.0.0' ],
725 silly audit   glob: [ '7.2.3' ],
725 silly audit   'glob-parent': [ '5.1.2' ],
725 silly audit   gopd: [ '1.2.0' ],
725 silly audit   'graceful-fs': [ '4.2.11' ],
725 silly audit   'has-flag': [ '3.0.0' ],
725 silly audit   'has-symbols': [ '1.1.0' ],
725 silly audit   'has-tostringtag': [ '1.0.2' ],
725 silly audit   'has-unicode': [ '2.0.1' ],
725 silly audit   hasown: [ '2.0.2' ],
725 silly audit   'http-cache-semantics': [ '4.2.0' ],
725 silly audit   'http-errors': [ '2.0.0' ],
725 silly audit   statuses: [ '2.0.1', '2.0.2' ],
725 silly audit   'http-proxy-agent': [ '4.0.1' ],
725 silly audit   'https-proxy-agent': [ '5.0.1' ],
725 silly audit   'humanize-ms': [ '1.2.1' ],
725 silly audit   'iconv-lite': [ '0.6.3', '0.7.0' ],
725 silly audit   ieee754: [ '1.2.1' ],
725 silly audit   'ignore-by-default': [ '1.0.1' ],
725 silly audit   imurmurhash: [ '0.1.4' ],
725 silly audit   'indent-string': [ '4.0.0' ],
725 silly audit   'infer-owner': [ '1.0.4' ],
725 silly audit   inflection: [ '1.13.4' ],
725 silly audit   inflight: [ '1.0.6' ],
725 silly audit   inherits: [ '2.0.4' ],
725 silly audit   ini: [ '1.3.8' ],
725 silly audit   'ip-address': [ '10.0.1' ],
725 silly audit   'ipaddr.js': [ '1.9.1' ],
725 silly audit   'is-binary-path': [ '2.1.0' ],
725 silly audit   'is-extglob': [ '2.1.1' ],
725 silly audit   'is-fullwidth-code-point': [ '3.0.0' ],
725 silly audit   'is-glob': [ '4.0.3' ],
725 silly audit   'is-lambda': [ '1.0.1' ],
725 silly audit   'is-number': [ '7.0.0' ],
725 silly audit   'is-promise': [ '4.0.0' ],
725 silly audit   isexe: [ '2.0.0' ],
725 silly audit   jsonwebtoken: [ '9.0.2' ],
725 silly audit   jwa: [ '1.4.2' ],
725 silly audit   jws: [ '3.2.2' ],
725 silly audit   kareem: [ '2.6.3' ],
725 silly audit   lodash: [ '4.17.21' ],
725 silly audit   'lodash.includes': [ '4.3.0' ],
725 silly audit   'lodash.isboolean': [ '3.0.3' ],
725 silly audit   'lodash.isinteger': [ '4.0.4' ],
725 silly audit   'lodash.isnumber': [ '3.0.3' ],
725 silly audit   'lodash.isplainobject': [ '4.0.6' ],
725 silly audit   'lodash.isstring': [ '4.0.1' ],
725 silly audit   'lodash.once': [ '4.1.1' ],
725 silly audit   'lru-cache': [ '6.0.0' ],
725 silly audit   'make-fetch-happen': [ '9.1.0' ],
725 silly audit   negotiator: [ '0.6.4', '1.0.0' ],
725 silly audit   'math-intrinsics': [ '1.1.0' ],
725 silly audit   'media-typer': [ '1.1.0', '0.3.0' ],
725 silly audit   'memory-pager': [ '1.5.0' ],
725 silly audit   'merge-descriptors': [ '2.0.0' ],
725 silly audit   'mimic-response': [ '3.1.0' ],
725 silly audit   minimatch: [ '3.1.2' ],
725 silly audit   minimist: [ '1.2.8' ],
725 silly audit   minipass: [ '3.3.6', '5.0.0' ],
725 silly audit   'minipass-collect': [ '1.0.2' ],
725 silly audit   'minipass-fetch': [ '1.4.1' ],
725 silly audit   'minipass-flush': [ '1.0.5' ],
725 silly audit   'minipass-pipeline': [ '1.2.4' ],
725 silly audit   'minipass-sized': [ '1.0.3' ],
725 silly audit   minizlib: [ '2.1.2' ],
725 silly audit   'mkdirp-classic': [ '0.5.3' ],
725 silly audit   moment: [ '2.30.1' ],
725 silly audit   'moment-timezone': [ '0.5.48' ],
725 silly audit   mongodb: [ '6.18.0' ],
725 silly audit   'mongodb-connection-string-url': [ '3.0.2' ],
725 silly audit   mongoose: [ '8.18.1' ],
725 silly audit   mpath: [ '0.9.0' ],
725 silly audit   mquery: [ '5.0.0' ],
725 silly audit   'type-is': [ '2.0.1', '1.6.18' ],
725 silly audit   'napi-build-utils': [ '2.0.0' ],
725 silly audit   'node-abi': [ '3.77.0' ],
725 silly audit   'node-addon-api': [ '7.1.1' ],
725 silly audit   'node-cron': [ '4.2.1' ],
725 silly audit   'node-gyp': [ '8.4.1' ],
725 silly audit   nodemailer: [ '7.0.6' ],
725 silly audit   nodemon: [ '3.1.10' ],
725 silly audit   nopt: [ '5.0.0' ],
725 silly audit   'normalize-path': [ '3.0.0' ],
725 silly audit   npmlog: [ '6.0.2' ],
725 silly audit   oauth: [ '0.10.2' ],
725 silly audit   'object-assign': [ '4.1.1' ],
725 silly audit   'object-inspect': [ '1.13.4' ],
725 silly audit   'on-finished': [ '2.4.1' ],
725 silly audit   'on-headers': [ '1.1.0' ],
725 silly audit   once: [ '1.4.0' ],
725 silly audit   'p-map': [ '4.0.0' ],
725 silly audit   parseurl: [ '1.3.3' ],
725 silly audit   passport: [ '0.7.0' ],
725 silly audit   'passport-google-oauth20': [ '2.0.0' ],
725 silly audit   'passport-oauth2': [ '1.8.0' ],
725 silly audit   'passport-strategy': [ '1.0.0' ],
725 silly audit   'path-is-absolute': [ '1.0.1' ],
725 silly audit   'path-to-regexp': [ '8.3.0' ],
725 silly audit   pause: [ '0.0.1' ],
725 silly audit   'pg-connection-string': [ '2.9.1' ],
725 silly audit   picomatch: [ '2.3.1' ],
725 silly audit   'prebuild-install': [ '7.1.3' ],
725 silly audit   'promise-inflight': [ '1.0.1' ],
725 silly audit   'promise-retry': [ '2.0.1' ],
725 silly audit   'proxy-addr': [ '2.0.7' ],
725 silly audit   'proxy-from-env': [ '1.1.0' ],
725 silly audit   'pstree.remy': [ '1.1.8' ],
725 silly audit   pump: [ '3.0.3' ],
725 silly audit   punycode: [ '2.3.1' ],
725 silly audit   qs: [ '6.14.0' ],
725 silly audit   'random-bytes': [ '1.0.0' ],
725 silly audit   'range-parser': [ '1.2.1' ],
725 silly audit   'raw-body': [ '3.0.1' ],
725 silly audit   rc: [ '1.2.8' ],
725 silly audit   'readable-stream': [ '3.6.2' ],
725 silly audit   readdirp: [ '3.6.0' ],
725 silly audit   retry: [ '0.12.0' ],
725 silly audit   'retry-as-promised': [ '7.1.1' ],
725 silly audit   rimraf: [ '3.0.2' ],
725 silly audit   router: [ '2.2.0' ],
725 silly audit   'safe-buffer': [ '5.2.1' ],
725 silly audit   'safer-buffer': [ '2.1.2' ],
725 silly audit   scmp: [ '2.1.0' ],
725 silly audit   semver: [ '7.7.2' ],
725 silly audit   send: [ '1.2.0' ],
725 silly audit   sequelize: [ '6.37.7' ],
725 silly audit   'sequelize-pool': [ '7.1.0' ],
725 silly audit   'serve-static': [ '2.2.0' ],
725 silly audit   'set-blocking': [ '2.0.0' ],
725 silly audit   setprototypeof: [ '1.2.0' ],
725 silly audit   'side-channel': [ '1.1.0' ],
725 silly audit   'side-channel-list': [ '1.0.0' ],
725 silly audit   'side-channel-map': [ '1.0.1' ],
725 silly audit   'side-channel-weakmap': [ '1.0.2' ],
725 silly audit   sift: [ '17.1.3' ],
725 silly audit   'signal-exit': [ '3.0.7' ],
725 silly audit   'simple-concat': [ '1.0.1' ],
725 silly audit   'simple-get': [ '4.0.1' ],
725 silly audit   'simple-update-notifier': [ '2.0.0' ],
725 silly audit   'smart-buffer': [ '4.2.0' ],
725 silly audit   socks: [ '2.8.7' ],
725 silly audit   'socks-proxy-agent': [ '6.2.1' ],
725 silly audit   'sparse-bitfield': [ '3.0.3' ],
725 silly audit   sqlite3: [ '5.1.7' ],
725 silly audit   ssri: [ '8.0.1' ],
725 silly audit   streamsearch: [ '1.1.0' ],
725 silly audit   string_decoder: [ '1.3.0' ],
725 silly audit   'string-width': [ '4.2.3' ],
725 silly audit   'strip-ansi': [ '6.0.1' ],
725 silly audit   'strip-json-comments': [ '2.0.1' ],
725 silly audit   'supports-color': [ '5.5.0' ],
725 silly audit   tar: [ '6.2.1' ],
725 silly audit   'tar-fs': [ '2.1.3' ],
725 silly audit   'tar-stream': [ '2.2.0' ],
725 silly audit   'to-regex-range': [ '5.0.1' ],
725 silly audit   toidentifier: [ '1.0.1' ],
725 silly audit   'toposort-class': [ '1.0.1' ],
725 silly audit   touch: [ '3.1.1' ],
725 silly audit   tr46: [ '5.1.1' ],
725 silly audit   'tunnel-agent': [ '0.6.0' ],
725 silly audit   twilio: [ '5.9.0' ],
725 silly audit   typedarray: [ '0.0.6' ],
725 silly audit   typescript: [ '5.9.2' ],
725 silly audit   'uid-safe': [ '2.1.5' ],
725 silly audit   uid2: [ '0.0.4' ],
725 silly audit   undefsafe: [ '2.0.5' ],
725 silly audit   'undici-types': [ '7.11.0' ],
725 silly audit   'unique-filename': [ '1.1.1' ],
725 silly audit   'unique-slug': [ '2.0.2' ],
725 silly audit   unpipe: [ '1.0.0' ],
725 silly audit   'util-deprecate': [ '1.0.2' ],
725 silly audit   'utils-merge': [ '1.0.1' ],
725 silly audit   uuid: [ '8.3.2' ],
725 silly audit   validator: [ '13.15.15' ],
725 silly audit   vary: [ '1.1.2' ],
725 silly audit   'webidl-conversions': [ '7.0.0' ],
725 silly audit   'whatwg-url': [ '14.2.0' ],
725 silly audit   which: [ '2.0.2' ],
725 silly audit   'wide-align': [ '1.1.5' ],
725 silly audit   wkx: [ '0.5.0' ],
725 silly audit   wrappy: [ '1.0.2' ],
725 silly audit   xmlbuilder: [ '13.0.2' ],
725 silly audit   yallist: [ '4.0.0' ],
725 silly audit   '@aws-sdk/client-s3': [ '3.1025.0' ],
725 silly audit   multer: [ '2.1.1' ],
725 silly audit   'multer-s3': [ '3.0.1' ],
725 silly audit   '@aws-crypto/sha1-browser': [ '5.2.0' ],
725 silly audit   '@aws-crypto/sha256-browser': [ '5.2.0' ],
725 silly audit   '@aws-crypto/sha256-js': [ '5.2.0' ],
725 silly audit   '@aws-sdk/core': [ '3.973.26' ],
725 silly audit   '@aws-sdk/credential-provider-node': [ '3.972.29' ],
725 silly audit   '@aws-sdk/middleware-bucket-endpoint': [ '3.972.8' ],
725 silly audit   '@aws-sdk/middleware-expect-continue': [ '3.972.8' ],
725 silly audit   '@aws-sdk/middleware-flexible-checksums': [ '3.974.6' ],
725 silly audit   '@aws-sdk/middleware-host-header': [ '3.972.8' ],
725 silly audit   '@aws-sdk/middleware-location-constraint': [ '3.972.8' ],
725 silly audit   '@aws-sdk/middleware-logger': [ '3.972.8' ],
725 silly audit   '@aws-sdk/middleware-recursion-detection': [ '3.972.9' ],
725 silly audit   '@aws-sdk/middleware-sdk-s3': [ '3.972.27' ],
725 silly audit   '@aws-sdk/middleware-ssec': [ '3.972.8' ],
725 silly audit   '@aws-sdk/middleware-user-agent': [ '3.972.28' ],
725 silly audit   '@aws-sdk/region-config-resolver': [ '3.972.10' ],
725 silly audit   '@aws-sdk/signature-v4-multi-region': [ '3.996.15' ],
725 silly audit   '@aws-sdk/types': [ '3.973.6' ],
725 silly audit   '@aws-sdk/util-endpoints': [ '3.996.5' ],
725 silly audit   '@aws-sdk/util-user-agent-browser': [ '3.972.8' ],
725 silly audit   '@aws-sdk/util-user-agent-node': [ '3.973.14' ],
725 silly audit   '@smithy/config-resolver': [ '4.4.14' ],
725 silly audit   '@smithy/core': [ '3.23.14' ],
725 silly audit   '@smithy/eventstream-serde-browser': [ '4.2.13' ],
725 silly audit   '@smithy/eventstream-serde-config-resolver': [ '4.3.13' ],
725 silly audit   '@smithy/eventstream-serde-node': [ '4.2.13' ],
725 silly audit   '@smithy/fetch-http-handler': [ '5.3.16' ],
725 silly audit   '@smithy/hash-blob-browser': [ '4.2.14' ],
725 silly audit   '@smithy/hash-node': [ '4.2.13' ],
725 silly audit   '@smithy/hash-stream-node': [ '4.2.13' ],
725 silly audit   '@smithy/invalid-dependency': [ '4.2.13' ],
725 silly audit   '@smithy/md5-js': [ '4.2.13' ],
725 silly audit   '@smithy/middleware-content-length': [ '4.2.13' ],
725 silly audit   '@smithy/middleware-endpoint': [ '4.4.29' ],
725 silly audit   '@smithy/middleware-retry': [ '4.5.0' ],
725 silly audit   '@smithy/middleware-serde': [ '4.2.17' ],
725 silly audit   '@smithy/middleware-stack': [ '4.2.13' ],
725 silly audit   '@smithy/node-config-provider': [ '4.3.13' ],
725 silly audit   '@smithy/node-http-handler': [ '4.5.2' ],
725 silly audit   '@smithy/protocol-http': [ '5.3.13' ],
725 silly audit   '@smithy/smithy-client': [ '4.12.9' ],
725 silly audit   '@smithy/types': [ '4.14.0' ],
725 silly audit   '@smithy/url-parser': [ '4.2.13' ],
725 silly audit   '@smithy/util-base64': [ '4.3.2' ],
725 silly audit   '@smithy/util-body-length-browser': [ '4.2.2' ],
725 silly audit   '@smithy/util-body-length-node': [ '4.2.3' ],
725 silly audit   '@smithy/util-defaults-mode-browser': [ '4.3.45' ],
725 silly audit   '@smithy/util-defaults-mode-node': [ '4.2.49' ],
725 silly audit   '@smithy/util-endpoints': [ '3.3.4' ],
725 silly audit   '@smithy/util-middleware': [ '4.2.13' ],
725 silly audit   '@smithy/util-retry': [ '4.3.0' ],
725 silly audit   '@smithy/util-stream': [ '4.5.22' ],
725 silly audit   '@smithy/util-utf8': [ '4.2.2', '2.3.0' ],
725 silly audit   '@smithy/util-waiter': [ '4.2.15' ],
725 silly audit   tslib: [ '2.8.1' ],
725 silly audit   '@aws-crypto/supports-web-crypto': [ '5.2.0' ],
725 silly audit   '@aws-crypto/util': [ '5.2.0' ],
725 silly audit   '@aws-sdk/util-locate-window': [ '3.965.5' ],
725 silly audit   '@aws-sdk/xml-builder': [ '3.972.16' ],
725 silly audit   '@smithy/property-provider': [ '4.2.13' ],
725 silly audit   '@smithy/signature-v4': [ '5.3.13' ],
725 silly audit   '@aws-sdk/credential-provider-env': [ '3.972.24' ],
725 silly audit   '@aws-sdk/credential-provider-http': [ '3.972.26' ],
725 silly audit   '@aws-sdk/credential-provider-ini': [ '3.972.28' ],
725 silly audit   '@aws-sdk/credential-provider-process': [ '3.972.24' ],
725 silly audit   '@aws-sdk/credential-provider-sso': [ '3.972.28' ],
725 silly audit   '@aws-sdk/credential-provider-web-identity': [ '3.972.28' ],
725 silly audit   '@smithy/credential-provider-imds': [ '4.2.13' ],
725 silly audit   '@smithy/shared-ini-file-loader': [ '4.4.8' ],
725 silly audit   '@aws-sdk/credential-provider-login': [ '3.972.28' ],
725 silly audit   '@aws-sdk/nested-clients': [ '3.996.18' ],
725 silly audit   '@aws-sdk/token-providers': [ '3.1021.0' ],
725 silly audit   '@aws-sdk/util-arn-parser': [ '3.972.3' ],
725 silly audit   '@smithy/util-config-provider': [ '4.2.2' ],
725 silly audit   '@aws-crypto/crc32': [ '5.2.0' ],
725 silly audit   '@aws-crypto/crc32c': [ '5.2.0' ],
725 silly audit   '@aws-sdk/crc64-nvme': [ '3.972.5' ],
725 silly audit   '@smithy/is-array-buffer': [ '4.2.2', '2.2.0' ],
725 silly audit   '@aws/lambda-invoke-store': [ '0.2.4' ],
725 silly audit   bowser: [ '2.14.1' ],
725 silly audit   'fast-xml-parser': [ '5.5.8' ],
725 silly audit   '@smithy/uuid': [ '1.1.2' ],
725 silly audit   '@smithy/eventstream-serde-universal': [ '4.2.13' ],
725 silly audit   '@smithy/eventstream-codec': [ '4.2.13' ],
725 silly audit   '@smithy/util-hex-encoding': [ '4.2.2' ],
725 silly audit   '@smithy/querystring-builder': [ '4.2.13' ],
725 silly audit   '@smithy/chunked-blob-reader': [ '5.2.2' ],
725 silly audit   '@smithy/chunked-blob-reader-native': [ '4.2.3' ],
725 silly audit   '@smithy/util-buffer-from': [ '4.2.2', '2.2.0' ],
725 silly audit   '@smithy/service-error-classification': [ '4.2.13' ],
725 silly audit   '@smithy/util-uri-escape': [ '4.2.2' ],
725 silly audit   '@smithy/querystring-parser': [ '4.2.13' ],
725 silly audit   'fast-xml-builder': [ '1.1.4' ],
725 silly audit   'path-expression-matcher': [ '1.3.0' ],
725 silly audit   strnum: [ '2.2.3' ],
725 silly audit   '@aws-sdk/lib-storage': [ '3.1025.0' ],
725 silly audit   'file-type': [ '3.9.0' ],
725 silly audit   'html-comment-regex': [ '1.1.2' ],
725 silly audit   'run-parallel': [ '1.2.0' ],
725 silly audit   events: [ '3.3.0' ],
725 silly audit   'stream-browserify': [ '3.0.0' ],
725 silly audit   'queue-microtask': [ '1.2.3' ]
725 silly audit }
726 verbose reify failed optional dependency D:\kisan gpt\kisangpt-smart-farming-main\backend\node_modules\fsevents
727 silly reify mark deleted [
727 silly reify   'D:\\kisan gpt\\kisangpt-smart-farming-main\\backend\\node_modules\\fsevents'
727 silly reify ]
728 silly tarball no local data for queue-microtask@https://registry.npmjs.org/queue-microtask/-/queue-microtask-1.2.3.tgz. Extracting by manifest.
729 silly tarball no local data for stream-browserify@https://registry.npmjs.org/stream-browserify/-/stream-browserify-3.0.0.tgz. Extracting by manifest.
730 silly tarball no local data for events@https://registry.npmjs.org/events/-/events-3.3.0.tgz. Extracting by manifest.
731 silly tarball no local data for file-type@https://registry.npmjs.org/file-type/-/file-type-3.9.0.tgz. Extracting by manifest.
732 silly tarball no local data for run-parallel@https://registry.npmjs.org/run-parallel/-/run-parallel-1.2.0.tgz. Extracting by manifest.
733 silly tarball no local data for html-comment-regex@https://registry.npmjs.org/html-comment-regex/-/html-comment-regex-1.1.2.tgz. Extracting by manifest.
734 silly tarball no local data for fast-xml-builder@https://registry.npmjs.org/fast-xml-builder/-/fast-xml-builder-1.1.4.tgz. Extracting by manifest.
735 silly tarball no local data for @smithy/querystring-parser@https://registry.npmjs.org/@smithy/querystring-parser/-/querystring-parser-4.2.13.tgz. Extracting by manifest.
736 silly tarball no local data for @aws-sdk/lib-storage@https://registry.npmjs.org/@aws-sdk/lib-storage/-/lib-storage-3.1025.0.tgz. Extracting by manifest.
737 silly tarball no local data for strnum@https://registry.npmjs.org/strnum/-/strnum-2.2.3.tgz. Extracting by manifest.
738 silly tarball no local data for @smithy/service-error-classification@https://registry.npmjs.org/@smithy/service-error-classification/-/service-error-classification-4.2.13.tgz. Extracting by manifest.
739 silly tarball no local data for @smithy/util-uri-escape@https://registry.npmjs.org/@smithy/util-uri-escape/-/util-uri-escape-4.2.2.tgz. Extracting by manifest.
740 silly tarball no local data for @smithy/chunked-blob-reader@https://registry.npmjs.org/@smithy/chunked-blob-reader/-/chunked-blob-reader-5.2.2.tgz. Extracting by manifest.
741 silly tarball no local data for @smithy/querystring-builder@https://registry.npmjs.org/@smithy/querystring-builder/-/querystring-builder-4.2.13.tgz. Extracting by manifest.
742 silly tarball no local data for @smithy/util-buffer-from@https://registry.npmjs.org/@smithy/util-buffer-from/-/util-buffer-from-4.2.2.tgz. Extracting by manifest.
743 silly tarball no local data for @smithy/chunked-blob-reader-native@https://registry.npmjs.org/@smithy/chunked-blob-reader-native/-/chunked-blob-reader-native-4.2.3.tgz. Extracting by manifest.
744 silly tarball no local data for path-expression-matcher@https://registry.npmjs.org/path-expression-matcher/-/path-expression-matcher-1.3.0.tgz. Extracting by manifest.
745 silly tarball no local data for @smithy/util-hex-encoding@https://registry.npmjs.org/@smithy/util-hex-encoding/-/util-hex-encoding-4.2.2.tgz. Extracting by manifest.
746 silly tarball no local data for @smithy/eventstream-codec@https://registry.npmjs.org/@smithy/eventstream-codec/-/eventstream-codec-4.2.13.tgz. Extracting by manifest.
747 silly tarball no local data for @smithy/eventstream-serde-universal@https://registry.npmjs.org/@smithy/eventstream-serde-universal/-/eventstream-serde-universal-4.2.13.tgz. Extracting by manifest.
748 silly tarball no local data for @smithy/is-array-buffer@https://registry.npmjs.org/@smithy/is-array-buffer/-/is-array-buffer-4.2.2.tgz. Extracting by manifest.
749 silly tarball no local data for fast-xml-parser@https://registry.npmjs.org/fast-xml-parser/-/fast-xml-parser-5.5.8.tgz. Extracting by manifest.
750 silly tarball no local data for @smithy/uuid@https://registry.npmjs.org/@smithy/uuid/-/uuid-1.1.2.tgz. Extracting by manifest.
751 silly tarball no local data for bowser@https://registry.npmjs.org/bowser/-/bowser-2.14.1.tgz. Extracting by manifest.
752 silly tarball no local data for @aws-crypto/crc32c@https://registry.npmjs.org/@aws-crypto/crc32c/-/crc32c-5.2.0.tgz. Extracting by manifest.
753 silly tarball no local data for @aws-sdk/crc64-nvme@https://registry.npmjs.org/@aws-sdk/crc64-nvme/-/crc64-nvme-3.972.5.tgz. Extracting by manifest.
754 silly tarball no local data for @aws-sdk/util-arn-parser@https://registry.npmjs.org/@aws-sdk/util-arn-parser/-/util-arn-parser-3.972.3.tgz. Extracting by manifest.
755 silly tarball no local data for @smithy/util-config-provider@https://registry.npmjs.org/@smithy/util-config-provider/-/util-config-provider-4.2.2.tgz. Extracting by manifest.
756 silly tarball no local data for @aws/lambda-invoke-store@https://registry.npmjs.org/@aws/lambda-invoke-store/-/lambda-invoke-store-0.2.4.tgz. Extracting by manifest.
757 silly tarball no local data for @aws-crypto/crc32@https://registry.npmjs.org/@aws-crypto/crc32/-/crc32-5.2.0.tgz. Extracting by manifest.
758 silly tarball no local data for @aws-sdk/nested-clients@https://registry.npmjs.org/@aws-sdk/nested-clients/-/nested-clients-3.996.18.tgz. Extracting by manifest.
759 silly tarball no local data for @smithy/shared-ini-file-loader@https://registry.npmjs.org/@smithy/shared-ini-file-loader/-/shared-ini-file-loader-4.4.8.tgz. Extracting by manifest.
760 silly tarball no local data for @aws-sdk/credential-provider-web-identity@https://registry.npmjs.org/@aws-sdk/credential-provider-web-identity/-/credential-provider-web-identity-3.972.28.tgz. Extracting by manifest.
761 silly tarball no local data for @aws-sdk/token-providers@https://registry.npmjs.org/@aws-sdk/token-providers/-/token-providers-3.1021.0.tgz. Extracting by manifest.
762 silly tarball no local data for @smithy/credential-provider-imds@https://registry.npmjs.org/@smithy/credential-provider-imds/-/credential-provider-imds-4.2.13.tgz. Extracting by manifest.
763 silly tarball no local data for @aws-sdk/credential-provider-login@https://registry.npmjs.org/@aws-sdk/credential-provider-login/-/credential-provider-login-3.972.28.tgz. Extracting by manifest.
764 silly tarball no local data for @aws-sdk/credential-provider-sso@https://registry.npmjs.org/@aws-sdk/credential-provider-sso/-/credential-provider-sso-3.972.28.tgz. Extracting by manifest.
765 silly tarball no local data for @aws-sdk/credential-provider-http@https://registry.npmjs.org/@aws-sdk/credential-provider-http/-/credential-provider-http-3.972.26.tgz. Extracting by manifest.
766 silly tarball no local data for @aws-sdk/credential-provider-env@https://registry.npmjs.org/@aws-sdk/credential-provider-env/-/credential-provider-env-3.972.24.tgz. Extracting by manifest.
767 silly tarball no local data for @aws-sdk/credential-provider-process@https://registry.npmjs.org/@aws-sdk/credential-provider-process/-/credential-provider-process-3.972.24.tgz. Extracting by manifest.
768 silly tarball no local data for @smithy/signature-v4@https://registry.npmjs.org/@smithy/signature-v4/-/signature-v4-5.3.13.tgz. Extracting by manifest.
769 silly tarball no local data for @aws-sdk/credential-provider-ini@https://registry.npmjs.org/@aws-sdk/credential-provider-ini/-/credential-provider-ini-3.972.28.tgz. Extracting by manifest.
770 silly tarball no local data for @aws-sdk/xml-builder@https://registry.npmjs.org/@aws-sdk/xml-builder/-/xml-builder-3.972.16.tgz. Extracting by manifest.
771 silly tarball no local data for @smithy/property-provider@https://registry.npmjs.org/@smithy/property-provider/-/property-provider-4.2.13.tgz. Extracting by manifest.
772 silly tarball no local data for @aws-sdk/util-locate-window@https://registry.npmjs.org/@aws-sdk/util-locate-window/-/util-locate-window-3.965.5.tgz. Extracting by manifest.
773 silly tarball no local data for @aws-crypto/util@https://registry.npmjs.org/@aws-crypto/util/-/util-5.2.0.tgz. Extracting by manifest.
774 silly tarball no local data for tslib@https://registry.npmjs.org/tslib/-/tslib-2.8.1.tgz. Extracting by manifest.
775 silly tarball no local data for @aws-crypto/supports-web-crypto@https://registry.npmjs.org/@aws-crypto/supports-web-crypto/-/supports-web-crypto-5.2.0.tgz. Extracting by manifest.
776 silly tarball no local data for @smithy/util-utf8@https://registry.npmjs.org/@smithy/util-utf8/-/util-utf8-4.2.2.tgz. Extracting by manifest.
777 silly tarball no local data for @smithy/util-waiter@https://registry.npmjs.org/@smithy/util-waiter/-/util-waiter-4.2.15.tgz. Extracting by manifest.
778 silly tarball no local data for @smithy/util-retry@https://registry.npmjs.org/@smithy/util-retry/-/util-retry-4.3.0.tgz. Extracting by manifest.
779 silly tarball no local data for @smithy/util-endpoints@https://registry.npmjs.org/@smithy/util-endpoints/-/util-endpoints-3.3.4.tgz. Extracting by manifest.
780 silly tarball no local data for @smithy/util-middleware@https://registry.npmjs.org/@smithy/util-middleware/-/util-middleware-4.2.13.tgz. Extracting by manifest.
781 silly tarball no local data for @smithy/util-stream@https://registry.npmjs.org/@smithy/util-stream/-/util-stream-4.5.22.tgz. Extracting by manifest.
782 silly tarball no local data for @smithy/util-defaults-mode-node@https://registry.npmjs.org/@smithy/util-defaults-mode-node/-/util-defaults-mode-node-4.2.49.tgz. Extracting by manifest.
783 silly tarball no local data for @smithy/util-defaults-mode-browser@https://registry.npmjs.org/@smithy/util-defaults-mode-browser/-/util-defaults-mode-browser-4.3.45.tgz. Extracting by manifest.
784 silly tarball no local data for @smithy/util-body-length-node@https://registry.npmjs.org/@smithy/util-body-length-node/-/util-body-length-node-4.2.3.tgz. Extracting by manifest.
785 silly tarball no local data for @smithy/types@https://registry.npmjs.org/@smithy/types/-/types-4.14.0.tgz. Extracting by manifest.
786 silly tarball no local data for @smithy/util-body-length-browser@https://registry.npmjs.org/@smithy/util-body-length-browser/-/util-body-length-browser-4.2.2.tgz. Extracting by manifest.
787 silly tarball no local data for @smithy/util-base64@https://registry.npmjs.org/@smithy/util-base64/-/util-base64-4.3.2.tgz. Extracting by manifest.
788 silly tarball no local data for @smithy/url-parser@https://registry.npmjs.org/@smithy/url-parser/-/url-parser-4.2.13.tgz. Extracting by manifest.
789 silly tarball no local data for @smithy/smithy-client@https://registry.npmjs.org/@smithy/smithy-client/-/smithy-client-4.12.9.tgz. Extracting by manifest.
790 silly tarball no local data for @smithy/node-http-handler@https://registry.npmjs.org/@smithy/node-http-handler/-/node-http-handler-4.5.2.tgz. Extracting by manifest.
791 silly tarball no local data for @smithy/protocol-http@https://registry.npmjs.org/@smithy/protocol-http/-/protocol-http-5.3.13.tgz. Extracting by manifest.
792 silly tarball no local data for @smithy/middleware-stack@https://registry.npmjs.org/@smithy/middleware-stack/-/middleware-stack-4.2.13.tgz. Extracting by manifest.
793 silly tarball no local data for @smithy/node-config-provider@https://registry.npmjs.org/@smithy/node-config-provider/-/node-config-provider-4.3.13.tgz. Extracting by manifest.
794 silly tarball no local data for @smithy/middleware-retry@https://registry.npmjs.org/@smithy/middleware-retry/-/middleware-retry-4.5.0.tgz. Extracting by manifest.
795 silly tarball no local data for @smithy/middleware-endpoint@https://registry.npmjs.org/@smithy/middleware-endpoint/-/middleware-endpoint-4.4.29.tgz. Extracting by manifest.
796 silly tarball no local data for @smithy/middleware-serde@https://registry.npmjs.org/@smithy/middleware-serde/-/middleware-serde-4.2.17.tgz. Extracting by manifest.
797 silly tarball no local data for @smithy/middleware-content-length@https://registry.npmjs.org/@smithy/middleware-content-length/-/middleware-content-length-4.2.13.tgz. Extracting by manifest.
798 silly tarball no local data for @smithy/md5-js@https://registry.npmjs.org/@smithy/md5-js/-/md5-js-4.2.13.tgz. Extracting by manifest.
799 silly tarball no local data for @smithy/invalid-dependency@https://registry.npmjs.org/@smithy/invalid-dependency/-/invalid-dependency-4.2.13.tgz. Extracting by manifest.
800 silly tarball no local data for @smithy/hash-node@https://registry.npmjs.org/@smithy/hash-node/-/hash-node-4.2.13.tgz. Extracting by manifest.
801 silly tarball no local data for @smithy/hash-stream-node@https://registry.npmjs.org/@smithy/hash-stream-node/-/hash-stream-node-4.2.13.tgz. Extracting by manifest.
802 silly tarball no local data for @smithy/hash-blob-browser@https://registry.npmjs.org/@smithy/hash-blob-browser/-/hash-blob-browser-4.2.14.tgz. Extracting by manifest.
803 silly tarball no local data for @smithy/eventstream-serde-config-resolver@https://registry.npmjs.org/@smithy/eventstream-serde-config-resolver/-/eventstream-serde-config-resolver-4.3.13.tgz. Extracting by manifest.
804 silly tarball no local data for @aws-sdk/util-user-agent-node@https://registry.npmjs.org/@aws-sdk/util-user-agent-node/-/util-user-agent-node-3.973.14.tgz. Extracting by manifest.
805 silly tarball no local data for @smithy/eventstream-serde-node@https://registry.npmjs.org/@smithy/eventstream-serde-node/-/eventstream-serde-node-4.2.13.tgz. Extracting by manifest.
806 silly tarball no local data for @smithy/fetch-http-handler@https://registry.npmjs.org/@smithy/fetch-http-handler/-/fetch-http-handler-5.3.16.tgz. Extracting by manifest.
807 silly tarball no local data for @smithy/config-resolver@https://registry.npmjs.org/@smithy/config-resolver/-/config-resolver-4.4.14.tgz. Extracting by manifest.
808 silly tarball no local data for @smithy/eventstream-serde-browser@https://registry.npmjs.org/@smithy/eventstream-serde-browser/-/eventstream-serde-browser-4.2.13.tgz. Extracting by manifest.
809 silly tarball no local data for @aws-sdk/util-endpoints@https://registry.npmjs.org/@aws-sdk/util-endpoints/-/util-endpoints-3.996.5.tgz. Extracting by manifest.
810 silly tarball no local data for @aws-sdk/util-user-agent-browser@https://registry.npmjs.org/@aws-sdk/util-user-agent-browser/-/util-user-agent-browser-3.972.8.tgz. Extracting by manifest.
811 silly tarball no local data for @aws-sdk/types@https://registry.npmjs.org/@aws-sdk/types/-/types-3.973.6.tgz. Extracting by manifest.
812 silly tarball no local data for @aws-sdk/region-config-resolver@https://registry.npmjs.org/@aws-sdk/region-config-resolver/-/region-config-resolver-3.972.10.tgz. Extracting by manifest.
813 silly tarball no local data for @aws-sdk/signature-v4-multi-region@https://registry.npmjs.org/@aws-sdk/signature-v4-multi-region/-/signature-v4-multi-region-3.996.15.tgz. Extracting by manifest.
814 silly tarball no local data for @smithy/core@https://registry.npmjs.org/@smithy/core/-/core-3.23.14.tgz. Extracting by manifest.
815 silly tarball no local data for @aws-sdk/middleware-sdk-s3@https://registry.npmjs.org/@aws-sdk/middleware-sdk-s3/-/middleware-sdk-s3-3.972.27.tgz. Extracting by manifest.
816 silly tarball no local data for @aws-sdk/middleware-user-agent@https://registry.npmjs.org/@aws-sdk/middleware-user-agent/-/middleware-user-agent-3.972.28.tgz. Extracting by manifest.
817 silly tarball no local data for @aws-sdk/middleware-ssec@https://registry.npmjs.org/@aws-sdk/middleware-ssec/-/middleware-ssec-3.972.8.tgz. Extracting by manifest.
818 silly tarball no local data for @aws-sdk/middleware-logger@https://registry.npmjs.org/@aws-sdk/middleware-logger/-/middleware-logger-3.972.8.tgz. Extracting by manifest.
819 silly tarball no local data for @aws-sdk/middleware-location-constraint@https://registry.npmjs.org/@aws-sdk/middleware-location-constraint/-/middleware-location-constraint-3.972.8.tgz. Extracting by manifest.
820 silly tarball no local data for @aws-sdk/middleware-recursion-detection@https://registry.npmjs.org/@aws-sdk/middleware-recursion-detection/-/middleware-recursion-detection-3.972.9.tgz. Extracting by manifest.
821 silly tarball no local data for @aws-sdk/middleware-expect-continue@https://registry.npmjs.org/@aws-sdk/middleware-expect-continue/-/middleware-expect-continue-3.972.8.tgz. Extracting by manifest.
822 silly tarball no local data for @aws-sdk/middleware-host-header@https://registry.npmjs.org/@aws-sdk/middleware-host-header/-/middleware-host-header-3.972.8.tgz. Extracting by manifest.
823 silly tarball no local data for @aws-crypto/sha256-js@https://registry.npmjs.org/@aws-crypto/sha256-js/-/sha256-js-5.2.0.tgz. Extracting by manifest.
824 silly tarball no local data for @aws-sdk/middleware-flexible-checksums@https://registry.npmjs.org/@aws-sdk/middleware-flexible-checksums/-/middleware-flexible-checksums-3.974.6.tgz. Extracting by manifest.
825 silly tarball no local data for @aws-sdk/core@https://registry.npmjs.org/@aws-sdk/core/-/core-3.973.26.tgz. Extracting by manifest.
826 silly tarball no local data for multer-s3@https://registry.npmjs.org/multer-s3/-/multer-s3-3.0.1.tgz. Extracting by manifest.
827 silly tarball no local data for @aws-sdk/credential-provider-node@https://registry.npmjs.org/@aws-sdk/credential-provider-node/-/credential-provider-node-3.972.29.tgz. Extracting by manifest.
828 silly tarball no local data for @aws-sdk/middleware-bucket-endpoint@https://registry.npmjs.org/@aws-sdk/middleware-bucket-endpoint/-/middleware-bucket-endpoint-3.972.8.tgz. Extracting by manifest.
829 silly tarball no local data for yallist@https://registry.npmjs.org/yallist/-/yallist-4.0.0.tgz. Extracting by manifest.
830 silly tarball no local data for multer@https://registry.npmjs.org/multer/-/multer-2.1.1.tgz. Extracting by manifest.
831 silly tarball no local data for @aws-sdk/client-s3@https://registry.npmjs.org/@aws-sdk/client-s3/-/client-s3-3.1025.0.tgz. Extracting by manifest.
832 silly tarball no local data for xmlbuilder@https://registry.npmjs.org/xmlbuilder/-/xmlbuilder-13.0.2.tgz. Extracting by manifest.
833 silly tarball no local data for wrappy@https://registry.npmjs.org/wrappy/-/wrappy-1.0.2.tgz. Extracting by manifest.
834 silly tarball no local data for wkx@https://registry.npmjs.org/wkx/-/wkx-0.5.0.tgz. Extracting by manifest.
835 silly tarball no local data for @aws-crypto/sha256-browser@https://registry.npmjs.org/@aws-crypto/sha256-browser/-/sha256-browser-5.2.0.tgz. Extracting by manifest.
836 silly tarball no local data for @aws-crypto/sha1-browser@https://registry.npmjs.org/@aws-crypto/sha1-browser/-/sha1-browser-5.2.0.tgz. Extracting by manifest.
837 silly tarball no local data for whatwg-url@https://registry.npmjs.org/whatwg-url/-/whatwg-url-14.2.0.tgz. Extracting by manifest.
838 silly tarball no local data for which@https://registry.npmjs.org/which/-/which-2.0.2.tgz. Extracting by manifest.
839 silly tarball no local data for vary@https://registry.npmjs.org/vary/-/vary-1.1.2.tgz. Extracting by manifest.
840 silly tarball no local data for validator@https://registry.npmjs.org/validator/-/validator-13.15.15.tgz. Extracting by manifest.
841 silly tarball no local data for wide-align@https://registry.npmjs.org/wide-align/-/wide-align-1.1.5.tgz. Extracting by manifest.
842 silly tarball no local data for webidl-conversions@https://registry.npmjs.org/webidl-conversions/-/webidl-conversions-7.0.0.tgz. Extracting by manifest.
843 silly tarball no local data for utils-merge@https://registry.npmjs.org/utils-merge/-/utils-merge-1.0.1.tgz. Extracting by manifest.
844 silly tarball no local data for util-deprecate@https://registry.npmjs.org/util-deprecate/-/util-deprecate-1.0.2.tgz. Extracting by manifest.
845 silly tarball no local data for unique-slug@https://registry.npmjs.org/unique-slug/-/unique-slug-2.0.2.tgz. Extracting by manifest.
846 silly tarball no local data for uuid@https://registry.npmjs.org/uuid/-/uuid-8.3.2.tgz. Extracting by manifest.
847 silly tarball no local data for unpipe@https://registry.npmjs.org/unpipe/-/unpipe-1.0.0.tgz. Extracting by manifest.
848 silly tarball no local data for undici-types@https://registry.npmjs.org/undici-types/-/undici-types-7.11.0.tgz. Extracting by manifest.
849 silly tarball no local data for unique-filename@https://registry.npmjs.org/unique-filename/-/unique-filename-1.1.1.tgz. Extracting by manifest.
850 silly tarball no local data for undefsafe@https://registry.npmjs.org/undefsafe/-/undefsafe-2.0.5.tgz. Extracting by manifest.
851 silly tarball no local data for uid2@https://registry.npmjs.org/uid2/-/uid2-0.0.4.tgz. Extracting by manifest.
852 silly tarball no local data for typescript@https://registry.npmjs.org/typescript/-/typescript-5.9.2.tgz. Extracting by manifest.
853 silly tarball no local data for typedarray@https://registry.npmjs.org/typedarray/-/typedarray-0.0.6.tgz. Extracting by manifest.
854 silly tarball no local data for tunnel-agent@https://registry.npmjs.org/tunnel-agent/-/tunnel-agent-0.6.0.tgz. Extracting by manifest.
855 silly tarball no local data for uid-safe@https://registry.npmjs.org/uid-safe/-/uid-safe-2.1.5.tgz. Extracting by manifest.
856 silly tarball no local data for twilio@https://registry.npmjs.org/twilio/-/twilio-5.9.0.tgz. Extracting by manifest.
857 silly tarball no local data for type-is@https://registry.npmjs.org/type-is/-/type-is-2.0.1.tgz. Extracting by manifest.
858 silly tarball no local data for tr46@https://registry.npmjs.org/tr46/-/tr46-5.1.1.tgz. Extracting by manifest.
859 silly tarball no local data for touch@https://registry.npmjs.org/touch/-/touch-3.1.1.tgz. Extracting by manifest.
860 silly tarball no local data for toposort-class@https://registry.npmjs.org/toposort-class/-/toposort-class-1.0.1.tgz. Extracting by manifest.
861 silly tarball no local data for tar@https://registry.npmjs.org/tar/-/tar-6.2.1.tgz. Extracting by manifest.
862 silly tarball no local data for to-regex-range@https://registry.npmjs.org/to-regex-range/-/to-regex-range-5.0.1.tgz. Extracting by manifest.
863 silly tarball no local data for toidentifier@https://registry.npmjs.org/toidentifier/-/toidentifier-1.0.1.tgz. Extracting by manifest.
864 silly tarball no local data for tar-stream@https://registry.npmjs.org/tar-stream/-/tar-stream-2.2.0.tgz. Extracting by manifest.
865 silly tarball no local data for supports-color@https://registry.npmjs.org/supports-color/-/supports-color-5.5.0.tgz. Extracting by manifest.
866 silly tarball no local data for strip-json-comments@https://registry.npmjs.org/strip-json-comments/-/strip-json-comments-2.0.1.tgz. Extracting by manifest.
867 silly tarball no local data for string_decoder@https://registry.npmjs.org/string_decoder/-/string_decoder-1.3.0.tgz. Extracting by manifest.
868 silly tarball no local data for tar-fs@https://registry.npmjs.org/tar-fs/-/tar-fs-2.1.3.tgz. Extracting by manifest.
869 silly tarball no local data for string-width@https://registry.npmjs.org/string-width/-/string-width-4.2.3.tgz. Extracting by manifest.
870 silly tarball no local data for strip-ansi@https://registry.npmjs.org/strip-ansi/-/strip-ansi-6.0.1.tgz. Extracting by manifest.
871 silly tarball no local data for streamsearch@https://registry.npmjs.org/streamsearch/-/streamsearch-1.1.0.tgz. Extracting by manifest.
872 silly tarball no local data for statuses@https://registry.npmjs.org/statuses/-/statuses-2.0.2.tgz. Extracting by manifest.
873 silly tarball no local data for ssri@https://registry.npmjs.org/ssri/-/ssri-8.0.1.tgz. Extracting by manifest.
874 silly tarball no local data for socks-proxy-agent@https://registry.npmjs.org/socks-proxy-agent/-/socks-proxy-agent-6.2.1.tgz. Extracting by manifest.
875 silly tarball no local data for sqlite3@https://registry.npmjs.org/sqlite3/-/sqlite3-5.1.7.tgz. Extracting by manifest.
876 silly tarball no local data for socks@https://registry.npmjs.org/socks/-/socks-2.8.7.tgz. Extracting by manifest.
877 silly tarball no local data for smart-buffer@https://registry.npmjs.org/smart-buffer/-/smart-buffer-4.2.0.tgz. Extracting by manifest.
878 silly tarball no local data for simple-concat@https://registry.npmjs.org/simple-concat/-/simple-concat-1.0.1.tgz. Extracting by manifest.
879 silly tarball no local data for sparse-bitfield@https://registry.npmjs.org/sparse-bitfield/-/sparse-bitfield-3.0.3.tgz. Extracting by manifest.
880 silly tarball no local data for simple-update-notifier@https://registry.npmjs.org/simple-update-notifier/-/simple-update-notifier-2.0.0.tgz. Extracting by manifest.
881 silly tarball no local data for sift@https://registry.npmjs.org/sift/-/sift-17.1.3.tgz. Extracting by manifest.
882 silly tarball no local data for simple-get@https://registry.npmjs.org/simple-get/-/simple-get-4.0.1.tgz. Extracting by manifest.
883 silly tarball no local data for side-channel@https://registry.npmjs.org/side-channel/-/side-channel-1.1.0.tgz. Extracting by manifest.
884 silly tarball no local data for signal-exit@https://registry.npmjs.org/signal-exit/-/signal-exit-3.0.7.tgz. Extracting by manifest.
885 silly tarball no local data for side-channel-weakmap@https://registry.npmjs.org/side-channel-weakmap/-/side-channel-weakmap-1.0.2.tgz. Extracting by manifest.
886 silly tarball no local data for side-channel-list@https://registry.npmjs.org/side-channel-list/-/side-channel-list-1.0.0.tgz. Extracting by manifest.
887 silly tarball no local data for side-channel-map@https://registry.npmjs.org/side-channel-map/-/side-channel-map-1.0.1.tgz. Extracting by manifest.
888 silly tarball no local data for set-blocking@https://registry.npmjs.org/set-blocking/-/set-blocking-2.0.0.tgz. Extracting by manifest.
889 silly tarball no local data for setprototypeof@https://registry.npmjs.org/setprototypeof/-/setprototypeof-1.2.0.tgz. Extracting by manifest.
890 silly tarball no local data for serve-static@https://registry.npmjs.org/serve-static/-/serve-static-2.2.0.tgz. Extracting by manifest.
891 silly tarball no local data for sequelize-pool@https://registry.npmjs.org/sequelize-pool/-/sequelize-pool-7.1.0.tgz. Extracting by manifest.
892 silly tarball no local data for send@https://registry.npmjs.org/send/-/send-1.2.0.tgz. Extracting by manifest.
893 silly tarball no local data for semver@https://registry.npmjs.org/semver/-/semver-7.7.2.tgz. Extracting by manifest.
894 silly tarball no local data for safe-buffer@https://registry.npmjs.org/safe-buffer/-/safe-buffer-5.2.1.tgz. Extracting by manifest.
895 silly tarball no local data for sequelize@https://registry.npmjs.org/sequelize/-/sequelize-6.37.7.tgz. Extracting by manifest.
896 silly tarball no local data for scmp@https://registry.npmjs.org/scmp/-/scmp-2.1.0.tgz. Extracting by manifest.
897 silly tarball no local data for safer-buffer@https://registry.npmjs.org/safer-buffer/-/safer-buffer-2.1.2.tgz. Extracting by manifest.
898 silly tarball no local data for router@https://registry.npmjs.org/router/-/router-2.2.0.tgz. Extracting by manifest.
899 silly tarball no local data for rimraf@https://registry.npmjs.org/rimraf/-/rimraf-3.0.2.tgz. Extracting by manifest.
900 silly tarball no local data for retry-as-promised@https://registry.npmjs.org/retry-as-promised/-/retry-as-promised-7.1.1.tgz. Extracting by manifest.
901 silly tarball no local data for retry@https://registry.npmjs.org/retry/-/retry-0.12.0.tgz. Extracting by manifest.
902 silly tarball no local data for readable-stream@https://registry.npmjs.org/readable-stream/-/readable-stream-3.6.2.tgz. Extracting by manifest.
903 silly tarball no local data for readdirp@https://registry.npmjs.org/readdirp/-/readdirp-3.6.0.tgz. Extracting by manifest.
904 silly tarball no local data for rc@https://registry.npmjs.org/rc/-/rc-1.2.8.tgz. Extracting by manifest.
905 silly tarball no local data for qs@https://registry.npmjs.org/qs/-/qs-6.14.0.tgz. Extracting by manifest.
906 silly tarball no local data for range-parser@https://registry.npmjs.org/range-parser/-/range-parser-1.2.1.tgz. Extracting by manifest.
907 silly tarball no local data for random-bytes@https://registry.npmjs.org/random-bytes/-/random-bytes-1.0.0.tgz. Extracting by manifest.
908 silly tarball no local data for raw-body@https://registry.npmjs.org/raw-body/-/raw-body-3.0.1.tgz. Extracting by manifest.
909 silly tarball no local data for proxy-addr@https://registry.npmjs.org/proxy-addr/-/proxy-addr-2.0.7.tgz. Extracting by manifest.
910 silly tarball no local data for pump@https://registry.npmjs.org/pump/-/pump-3.0.3.tgz. Extracting by manifest.
911 silly tarball no local data for proxy-from-env@https://registry.npmjs.org/proxy-from-env/-/proxy-from-env-1.1.0.tgz. Extracting by manifest.
912 silly tarball no local data for punycode@https://registry.npmjs.org/punycode/-/punycode-2.3.1.tgz. Extracting by manifest.
913 silly tarball no local data for promise-retry@https://registry.npmjs.org/promise-retry/-/promise-retry-2.0.1.tgz. Extracting by manifest.
914 silly tarball no local data for prebuild-install@https://registry.npmjs.org/prebuild-install/-/prebuild-install-7.1.3.tgz. Extracting by manifest.
915 silly tarball no local data for pstree.remy@https://registry.npmjs.org/pstree.remy/-/pstree.remy-1.1.8.tgz. Extracting by manifest.
916 silly tarball no local data for promise-inflight@https://registry.npmjs.org/promise-inflight/-/promise-inflight-1.0.1.tgz. Extracting by manifest.
917 silly tarball no local data for picomatch@https://registry.npmjs.org/picomatch/-/picomatch-2.3.1.tgz. Extracting by manifest.
918 silly tarball no local data for pause@https://registry.npmjs.org/pause/-/pause-0.0.1.tgz. Extracting by manifest.
919 silly tarball no local data for path-to-regexp@https://registry.npmjs.org/path-to-regexp/-/path-to-regexp-8.3.0.tgz. Extracting by manifest.
920 silly tarball no local data for path-is-absolute@https://registry.npmjs.org/path-is-absolute/-/path-is-absolute-1.0.1.tgz. Extracting by manifest.
921 silly tarball no local data for pg-connection-string@https://registry.npmjs.org/pg-connection-string/-/pg-connection-string-2.9.1.tgz. Extracting by manifest.
922 silly tarball no local data for passport-strategy@https://registry.npmjs.org/passport-strategy/-/passport-strategy-1.0.0.tgz. Extracting by manifest.
923 silly tarball no local data for passport-oauth2@https://registry.npmjs.org/passport-oauth2/-/passport-oauth2-1.8.0.tgz. Extracting by manifest.
924 silly tarball no local data for parseurl@https://registry.npmjs.org/parseurl/-/parseurl-1.3.3.tgz. Extracting by manifest.
925 silly tarball no local data for passport-google-oauth20@https://registry.npmjs.org/passport-google-oauth20/-/passport-google-oauth20-2.0.0.tgz. Extracting by manifest.
926 silly tarball no local data for passport@https://registry.npmjs.org/passport/-/passport-0.7.0.tgz. Extracting by manifest.
927 silly tarball no local data for p-map@https://registry.npmjs.org/p-map/-/p-map-4.0.0.tgz. Extracting by manifest.
928 silly tarball no local data for once@https://registry.npmjs.org/once/-/once-1.4.0.tgz. Extracting by manifest.
929 silly tarball no local data for on-headers@https://registry.npmjs.org/on-headers/-/on-headers-1.1.0.tgz. Extracting by manifest.
930 silly tarball no local data for on-finished@https://registry.npmjs.org/on-finished/-/on-finished-2.4.1.tgz. Extracting by manifest.
931 silly tarball no local data for object-inspect@https://registry.npmjs.org/object-inspect/-/object-inspect-1.13.4.tgz. Extracting by manifest.
932 silly tarball no local data for object-assign@https://registry.npmjs.org/object-assign/-/object-assign-4.1.1.tgz. Extracting by manifest.
933 silly tarball no local data for npmlog@https://registry.npmjs.org/npmlog/-/npmlog-6.0.2.tgz. Extracting by manifest.
934 silly tarball no local data for oauth@https://registry.npmjs.org/oauth/-/oauth-0.10.2.tgz. Extracting by manifest.
935 silly tarball no local data for normalize-path@https://registry.npmjs.org/normalize-path/-/normalize-path-3.0.0.tgz. Extracting by manifest.
936 silly tarball no local data for nopt@https://registry.npmjs.org/nopt/-/nopt-5.0.0.tgz. Extracting by manifest.
937 silly tarball no local data for nodemon@https://registry.npmjs.org/nodemon/-/nodemon-3.1.10.tgz. Extracting by manifest.
938 silly tarball no local data for nodemailer@https://registry.npmjs.org/nodemailer/-/nodemailer-7.0.6.tgz. Extracting by manifest.
939 silly tarball no local data for node-cron@https://registry.npmjs.org/node-cron/-/node-cron-4.2.1.tgz. Extracting by manifest.
940 silly tarball no local data for node-abi@https://registry.npmjs.org/node-abi/-/node-abi-3.77.0.tgz. Extracting by manifest.
941 silly tarball no local data for node-gyp@https://registry.npmjs.org/node-gyp/-/node-gyp-8.4.1.tgz. Extracting by manifest.
942 silly tarball no local data for node-addon-api@https://registry.npmjs.org/node-addon-api/-/node-addon-api-7.1.1.tgz. Extracting by manifest.
943 silly tarball no local data for negotiator@https://registry.npmjs.org/negotiator/-/negotiator-1.0.0.tgz. Extracting by manifest.
944 silly tarball no local data for ms@https://registry.npmjs.org/ms/-/ms-2.1.3.tgz. Extracting by manifest.
945 silly tarball no local data for mpath@https://registry.npmjs.org/mpath/-/mpath-0.9.0.tgz. Extracting by manifest.
946 silly tarball no local data for napi-build-utils@https://registry.npmjs.org/napi-build-utils/-/napi-build-utils-2.0.0.tgz. Extracting by manifest.
947 silly tarball no local data for mquery@https://registry.npmjs.org/mquery/-/mquery-5.0.0.tgz. Extracting by manifest.
948 silly tarball no local data for mongodb-connection-string-url@https://registry.npmjs.org/mongodb-connection-string-url/-/mongodb-connection-string-url-3.0.2.tgz. Extracting by manifest.
949 silly tarball no local data for mongoose@https://registry.npmjs.org/mongoose/-/mongoose-8.18.1.tgz. Extracting by manifest.
950 silly tarball no local data for moment-timezone@https://registry.npmjs.org/moment-timezone/-/moment-timezone-0.5.48.tgz. Extracting by manifest.
951 silly tarball no local data for mongodb@https://registry.npmjs.org/mongodb/-/mongodb-6.18.0.tgz. Extracting by manifest.
952 silly tarball no local data for mkdirp-classic@https://registry.npmjs.org/mkdirp-classic/-/mkdirp-classic-0.5.3.tgz. Extracting by manifest.
953 silly tarball no local data for moment@https://registry.npmjs.org/moment/-/moment-2.30.1.tgz. Extracting by manifest.
954 silly tarball no local data for minipass-pipeline@https://registry.npmjs.org/minipass-pipeline/-/minipass-pipeline-1.2.4.tgz. Extracting by manifest.
955 silly tarball no local data for minizlib@https://registry.npmjs.org/minizlib/-/minizlib-2.1.2.tgz. Extracting by manifest.
956 silly tarball no local data for minipass-sized@https://registry.npmjs.org/minipass-sized/-/minipass-sized-1.0.3.tgz. Extracting by manifest.
957 silly tarball no local data for minipass-fetch@https://registry.npmjs.org/minipass-fetch/-/minipass-fetch-1.4.1.tgz. Extracting by manifest.
958 silly tarball no local data for minipass-flush@https://registry.npmjs.org/minipass-flush/-/minipass-flush-1.0.5.tgz. Extracting by manifest.
959 silly tarball no local data for minipass@https://registry.npmjs.org/minipass/-/minipass-3.3.6.tgz. Extracting by manifest.
960 silly tarball no local data for mimic-response@https://registry.npmjs.org/mimic-response/-/mimic-response-3.1.0.tgz. Extracting by manifest.
961 silly tarball no local data for minipass-collect@https://registry.npmjs.org/minipass-collect/-/minipass-collect-1.0.2.tgz. Extracting by manifest.
962 silly tarball no local data for minimatch@https://registry.npmjs.org/minimatch/-/minimatch-3.1.2.tgz. Extracting by manifest.
963 silly tarball no local data for minimist@https://registry.npmjs.org/minimist/-/minimist-1.2.8.tgz. Extracting by manifest.
964 silly tarball no local data for mime-types@https://registry.npmjs.org/mime-types/-/mime-types-3.0.1.tgz. Extracting by manifest.
965 silly tarball no local data for memory-pager@https://registry.npmjs.org/memory-pager/-/memory-pager-1.5.0.tgz. Extracting by manifest.
966 silly tarball no local data for merge-descriptors@https://registry.npmjs.org/merge-descriptors/-/merge-descriptors-2.0.0.tgz. Extracting by manifest.
967 silly tarball no local data for math-intrinsics@https://registry.npmjs.org/math-intrinsics/-/math-intrinsics-1.1.0.tgz. Extracting by manifest.
968 silly tarball no local data for lru-cache@https://registry.npmjs.org/lru-cache/-/lru-cache-6.0.0.tgz. Extracting by manifest.
969 silly tarball no local data for mime-db@https://registry.npmjs.org/mime-db/-/mime-db-1.54.0.tgz. Extracting by manifest.
970 silly tarball no local data for make-fetch-happen@https://registry.npmjs.org/make-fetch-happen/-/make-fetch-happen-9.1.0.tgz. Extracting by manifest.
971 silly tarball no local data for lodash.once@https://registry.npmjs.org/lodash.once/-/lodash.once-4.1.1.tgz. Extracting by manifest.
972 silly tarball no local data for lodash.isplainobject@https://registry.npmjs.org/lodash.isplainobject/-/lodash.isplainobject-4.0.6.tgz. Extracting by manifest.
973 silly tarball no local data for media-typer@https://registry.npmjs.org/media-typer/-/media-typer-1.1.0.tgz. Extracting by manifest.
974 silly tarball no local data for lodash.isstring@https://registry.npmjs.org/lodash.isstring/-/lodash.isstring-4.0.1.tgz. Extracting by manifest.
975 silly tarball no local data for lodash.isnumber@https://registry.npmjs.org/lodash.isnumber/-/lodash.isnumber-3.0.3.tgz. Extracting by manifest.
976 silly tarball no local data for lodash.includes@https://registry.npmjs.org/lodash.includes/-/lodash.includes-4.3.0.tgz. Extracting by manifest.
977 silly tarball no local data for lodash.isinteger@https://registry.npmjs.org/lodash.isinteger/-/lodash.isinteger-4.0.4.tgz. Extracting by manifest.
978 silly tarball no local data for kareem@https://registry.npmjs.org/kareem/-/kareem-2.6.3.tgz. Extracting by manifest.
979 silly tarball no local data for lodash.isboolean@https://registry.npmjs.org/lodash.isboolean/-/lodash.isboolean-3.0.3.tgz. Extracting by manifest.
980 silly tarball no local data for jws@https://registry.npmjs.org/jws/-/jws-3.2.2.tgz. Extracting by manifest.
981 silly tarball no local data for lodash@https://registry.npmjs.org/lodash/-/lodash-4.17.21.tgz. Extracting by manifest.
982 silly tarball no local data for jwa@https://registry.npmjs.org/jwa/-/jwa-1.4.2.tgz. Extracting by manifest.
983 silly tarball no local data for is-lambda@https://registry.npmjs.org/is-lambda/-/is-lambda-1.0.1.tgz. Extracting by manifest.
984 silly tarball no local data for isexe@https://registry.npmjs.org/isexe/-/isexe-2.0.0.tgz. Extracting by manifest.
985 silly tarball no local data for jsonwebtoken@https://registry.npmjs.org/jsonwebtoken/-/jsonwebtoken-9.0.2.tgz. Extracting by manifest.
986 silly tarball no local data for is-number@https://registry.npmjs.org/is-number/-/is-number-7.0.0.tgz. Extracting by manifest.
987 silly tarball no local data for is-glob@https://registry.npmjs.org/is-glob/-/is-glob-4.0.3.tgz. Extracting by manifest.
988 silly tarball no local data for is-promise@https://registry.npmjs.org/is-promise/-/is-promise-4.0.0.tgz. Extracting by manifest.
989 silly tarball no local data for is-binary-path@https://registry.npmjs.org/is-binary-path/-/is-binary-path-2.1.0.tgz. Extracting by manifest.
990 silly tarball no local data for is-fullwidth-code-point@https://registry.npmjs.org/is-fullwidth-code-point/-/is-fullwidth-code-point-3.0.0.tgz. Extracting by manifest.
991 silly tarball no local data for ini@https://registry.npmjs.org/ini/-/ini-1.3.8.tgz. Extracting by manifest.
992 silly tarball no local data for ip-address@https://registry.npmjs.org/ip-address/-/ip-address-10.0.1.tgz. Extracting by manifest.
993 silly tarball no local data for is-extglob@https://registry.npmjs.org/is-extglob/-/is-extglob-2.1.1.tgz. Extracting by manifest.
994 silly tarball no local data for ipaddr.js@https://registry.npmjs.org/ipaddr.js/-/ipaddr.js-1.9.1.tgz. Extracting by manifest.
995 silly tarball no local data for inherits@https://registry.npmjs.org/inherits/-/inherits-2.0.4.tgz. Extracting by manifest.
996 silly tarball no local data for inflight@https://registry.npmjs.org/inflight/-/inflight-1.0.6.tgz. Extracting by manifest.
997 silly tarball no local data for infer-owner@https://registry.npmjs.org/infer-owner/-/infer-owner-1.0.4.tgz. Extracting by manifest.
998 silly tarball no local data for imurmurhash@https://registry.npmjs.org/imurmurhash/-/imurmurhash-0.1.4.tgz. Extracting by manifest.
999 silly tarball no local data for inflection@https://registry.npmjs.org/inflection/-/inflection-1.13.4.tgz. Extracting by manifest.
1000 silly tarball no local data for ieee754@https://registry.npmjs.org/ieee754/-/ieee754-1.2.1.tgz. Extracting by manifest.
1001 silly tarball no local data for indent-string@https://registry.npmjs.org/indent-string/-/indent-string-4.0.0.tgz. Extracting by manifest.
1002 silly tarball no local data for ignore-by-default@https://registry.npmjs.org/ignore-by-default/-/ignore-by-default-1.0.1.tgz. Extracting by manifest.
1003 silly tarball no local data for iconv-lite@https://registry.npmjs.org/iconv-lite/-/iconv-lite-0.6.3.tgz. Extracting by manifest.
1004 silly tarball no local data for humanize-ms@https://registry.npmjs.org/humanize-ms/-/humanize-ms-1.2.1.tgz. Extracting by manifest.
1005 silly tarball no local data for http-proxy-agent@https://registry.npmjs.org/http-proxy-agent/-/http-proxy-agent-4.0.1.tgz. Extracting by manifest.
1006 silly tarball no local data for http-errors@https://registry.npmjs.org/http-errors/-/http-errors-2.0.0.tgz. Extracting by manifest.
1007 silly tarball no local data for https-proxy-agent@https://registry.npmjs.org/https-proxy-agent/-/https-proxy-agent-5.0.1.tgz. Extracting by manifest.
1008 silly tarball no local data for has-unicode@https://registry.npmjs.org/has-unicode/-/has-unicode-2.0.1.tgz. Extracting by manifest.
1009 silly tarball no local data for has-tostringtag@https://registry.npmjs.org/has-tostringtag/-/has-tostringtag-1.0.2.tgz. Extracting by manifest.
1010 silly tarball no local data for http-cache-semantics@https://registry.npmjs.org/http-cache-semantics/-/http-cache-semantics-4.2.0.tgz. Extracting by manifest.
1011 silly tarball no local data for hasown@https://registry.npmjs.org/hasown/-/hasown-2.0.2.tgz. Extracting by manifest.
1012 silly tarball no local data for has-symbols@https://registry.npmjs.org/has-symbols/-/has-symbols-1.1.0.tgz. Extracting by manifest.
1013 silly tarball no local data for has-flag@https://registry.npmjs.org/has-flag/-/has-flag-3.0.0.tgz. Extracting by manifest.
1014 silly tarball no local data for gopd@https://registry.npmjs.org/gopd/-/gopd-1.2.0.tgz. Extracting by manifest.
1015 silly tarball no local data for github-from-package@https://registry.npmjs.org/github-from-package/-/github-from-package-0.0.0.tgz. Extracting by manifest.
1016 silly tarball no local data for graceful-fs@https://registry.npmjs.org/graceful-fs/-/graceful-fs-4.2.11.tgz. Extracting by manifest.
1017 silly tarball no local data for get-proto@https://registry.npmjs.org/get-proto/-/get-proto-1.0.1.tgz. Extracting by manifest.
1018 silly tarball no local data for glob-parent@https://registry.npmjs.org/glob-parent/-/glob-parent-5.1.2.tgz. Extracting by manifest.
1019 silly tarball no local data for gauge@https://registry.npmjs.org/gauge/-/gauge-4.0.4.tgz. Extracting by manifest.
1020 silly tarball no local data for glob@https://registry.npmjs.org/glob/-/glob-7.2.3.tgz. Extracting by manifest.
1021 silly tarball no local data for fs-minipass@https://registry.npmjs.org/fs-minipass/-/fs-minipass-2.1.0.tgz. Extracting by manifest.
1022 silly tarball no local data for fs.realpath@https://registry.npmjs.org/fs.realpath/-/fs.realpath-1.0.0.tgz. Extracting by manifest.
1023 silly tarball no local data for get-intrinsic@https://registry.npmjs.org/get-intrinsic/-/get-intrinsic-1.3.0.tgz. Extracting by manifest.
1024 silly tarball no local data for fs-constants@https://registry.npmjs.org/fs-constants/-/fs-constants-1.0.0.tgz. Extracting by manifest.
1025 silly tarball no local data for function-bind@https://registry.npmjs.org/function-bind/-/function-bind-1.1.2.tgz. Extracting by manifest.
1026 silly tarball no local data for fresh@https://registry.npmjs.org/fresh/-/fresh-2.0.0.tgz. Extracting by manifest.
1027 silly tarball no local data for follow-redirects@https://registry.npmjs.org/follow-redirects/-/follow-redirects-1.15.11.tgz. Extracting by manifest.
1028 silly tarball no local data for forwarded@https://registry.npmjs.org/forwarded/-/forwarded-0.2.0.tgz. Extracting by manifest.
1029 silly tarball no local data for finalhandler@https://registry.npmjs.org/finalhandler/-/finalhandler-2.1.0.tgz. Extracting by manifest.
1030 silly tarball no local data for form-data@https://registry.npmjs.org/form-data/-/form-data-4.0.4.tgz. Extracting by manifest.
1031 silly tarball no local data for fill-range@https://registry.npmjs.org/fill-range/-/fill-range-7.1.1.tgz. Extracting by manifest.
1032 silly tarball no local data for express@https://registry.npmjs.org/express/-/express-5.1.0.tgz. Extracting by manifest.
1033 silly tarball no local data for file-uri-to-path@https://registry.npmjs.org/file-uri-to-path/-/file-uri-to-path-1.0.0.tgz. Extracting by manifest.
1034 silly tarball no local data for expand-template@https://registry.npmjs.org/expand-template/-/expand-template-2.0.3.tgz. Extracting by manifest.
1035 silly tarball no local data for express-session@https://registry.npmjs.org/express-session/-/express-session-1.18.2.tgz. Extracting by manifest.
1036 silly tarball no local data for etag@https://registry.npmjs.org/etag/-/etag-1.8.1.tgz. Extracting by manifest.
1037 silly tarball no local data for es-set-tostringtag@https://registry.npmjs.org/es-set-tostringtag/-/es-set-tostringtag-2.1.0.tgz. Extracting by manifest.
1038 silly tarball no local data for es-object-atoms@https://registry.npmjs.org/es-object-atoms/-/es-object-atoms-1.1.1.tgz. Extracting by manifest.
1039 silly tarball no local data for es-define-property@https://registry.npmjs.org/es-define-property/-/es-define-property-1.0.1.tgz. Extracting by manifest.
1040 silly tarball no local data for env-paths@https://registry.npmjs.org/env-paths/-/env-paths-2.2.1.tgz. Extracting by manifest.
1041 silly tarball no local data for escape-html@https://registry.npmjs.org/escape-html/-/escape-html-1.0.3.tgz. Extracting by manifest.
1042 silly tarball no local data for end-of-stream@https://registry.npmjs.org/end-of-stream/-/end-of-stream-1.4.5.tgz. Extracting by manifest.
1043 silly tarball no local data for es-errors@https://registry.npmjs.org/es-errors/-/es-errors-1.3.0.tgz. Extracting by manifest.
1044 silly tarball no local data for encoding@https://registry.npmjs.org/encoding/-/encoding-0.1.13.tgz. Extracting by manifest.
1045 silly tarball no local data for err-code@https://registry.npmjs.org/err-code/-/err-code-2.0.3.tgz. Extracting by manifest.
1046 silly tarball no local data for emoji-regex@https://registry.npmjs.org/emoji-regex/-/emoji-regex-8.0.0.tgz. Extracting by manifest.
1047 silly tarball no local data for ecdsa-sig-formatter@https://registry.npmjs.org/ecdsa-sig-formatter/-/ecdsa-sig-formatter-1.0.11.tgz. Extracting by manifest.
1048 silly tarball no local data for encodeurl@https://registry.npmjs.org/encodeurl/-/encodeurl-2.0.0.tgz. Extracting by manifest.
1049 silly tarball no local data for ee-first@https://registry.npmjs.org/ee-first/-/ee-first-1.1.1.tgz. Extracting by manifest.
1050 silly tarball no local data for dottie@https://registry.npmjs.org/dottie/-/dottie-2.0.6.tgz. Extracting by manifest.
1051 silly tarball no local data for depd@https://registry.npmjs.org/depd/-/depd-2.0.0.tgz. Extracting by manifest.
1052 silly tarball no local data for dotenv@https://registry.npmjs.org/dotenv/-/dotenv-17.2.2.tgz. Extracting by manifest.
1053 silly tarball no local data for detect-libc@https://registry.npmjs.org/detect-libc/-/detect-libc-2.0.4.tgz. Extracting by manifest.
1054 silly tarball no local data for dunder-proto@https://registry.npmjs.org/dunder-proto/-/dunder-proto-1.0.1.tgz. Extracting by manifest.
1055 silly tarball no local data for delayed-stream@https://registry.npmjs.org/delayed-stream/-/delayed-stream-1.0.0.tgz. Extracting by manifest.
1056 silly tarball no local data for delegates@https://registry.npmjs.org/delegates/-/delegates-1.0.0.tgz. Extracting by manifest.
1057 silly tarball no local data for decompress-response@https://registry.npmjs.org/decompress-response/-/decompress-response-6.0.0.tgz. Extracting by manifest.
1058 silly tarball no local data for deep-extend@https://registry.npmjs.org/deep-extend/-/deep-extend-0.6.0.tgz. Extracting by manifest.
1059 silly tarball no local data for cookie@https://registry.npmjs.org/cookie/-/cookie-0.7.2.tgz. Extracting by manifest.
1060 silly tarball no local data for cors@https://registry.npmjs.org/cors/-/cors-2.8.5.tgz. Extracting by manifest.
1061 silly tarball no local data for dayjs@https://registry.npmjs.org/dayjs/-/dayjs-1.11.18.tgz. Extracting by manifest.
1062 silly tarball no local data for content-disposition@https://registry.npmjs.org/content-disposition/-/content-disposition-1.0.0.tgz. Extracting by manifest.
1063 silly tarball no local data for debug@https://registry.npmjs.org/debug/-/debug-4.4.3.tgz. Extracting by manifest.
1064 silly tarball no local data for cookie-signature@https://registry.npmjs.org/cookie-signature/-/cookie-signature-1.2.2.tgz. Extracting by manifest.
1065 silly tarball no local data for console-control-strings@https://registry.npmjs.org/console-control-strings/-/console-control-strings-1.1.0.tgz. Extracting by manifest.
1066 silly tarball no local data for concat-map@https://registry.npmjs.org/concat-map/-/concat-map-0.0.1.tgz. Extracting by manifest.
1067 silly tarball no local data for content-type@https://registry.npmjs.org/content-type/-/content-type-1.0.5.tgz. Extracting by manifest.
1068 silly tarball no local data for concat-stream@https://registry.npmjs.org/concat-stream/-/concat-stream-2.0.0.tgz. Extracting by manifest.
1069 silly tarball no local data for color-support@https://registry.npmjs.org/color-support/-/color-support-1.1.3.tgz. Extracting by manifest.
1070 silly tarball no local data for combined-stream@https://registry.npmjs.org/combined-stream/-/combined-stream-1.0.8.tgz. Extracting by manifest.
1071 silly tarball no local data for clean-stack@https://registry.npmjs.org/clean-stack/-/clean-stack-2.2.0.tgz. Extracting by manifest.
1072 silly tarball no local data for chownr@https://registry.npmjs.org/chownr/-/chownr-2.0.0.tgz. Extracting by manifest.
1073 silly tarball no local data for chokidar@https://registry.npmjs.org/chokidar/-/chokidar-3.6.0.tgz. Extracting by manifest.
1074 silly tarball no local data for call-bound@https://registry.npmjs.org/call-bound/-/call-bound-1.0.4.tgz. Extracting by manifest.
1075 silly tarball no local data for call-bind-apply-helpers@https://registry.npmjs.org/call-bind-apply-helpers/-/call-bind-apply-helpers-1.0.2.tgz. Extracting by manifest.
1076 silly tarball no local data for bytes@https://registry.npmjs.org/bytes/-/bytes-3.1.2.tgz. Extracting by manifest.
1077 silly tarball no local data for busboy@https://registry.npmjs.org/busboy/-/busboy-1.6.0.tgz. Extracting by manifest.
1078 silly tarball no local data for buffer-equal-constant-time@https://registry.npmjs.org/buffer-equal-constant-time/-/buffer-equal-constant-time-1.0.1.tgz. Extracting by manifest.
1079 silly tarball no local data for buffer@https://registry.npmjs.org/buffer/-/buffer-5.7.1.tgz. Extracting by manifest.
1080 silly tarball no local data for bson@https://registry.npmjs.org/bson/-/bson-6.10.4.tgz. Extracting by manifest.
1081 silly tarball no local data for bl@https://registry.npmjs.org/bl/-/bl-4.1.0.tgz. Extracting by manifest.
1082 silly tarball no local data for buffer-from@https://registry.npmjs.org/buffer-from/-/buffer-from-1.1.2.tgz. Extracting by manifest.
1083 silly tarball no local data for brace-expansion@https://registry.npmjs.org/brace-expansion/-/brace-expansion-1.1.12.tgz. Extracting by manifest.
1084 silly tarball no local data for cacache@https://registry.npmjs.org/cacache/-/cacache-15.3.0.tgz. Extracting by manifest.
1085 silly tarball no local data for body-parser@https://registry.npmjs.org/body-parser/-/body-parser-2.2.0.tgz. Extracting by manifest.
1086 silly tarball no local data for bcryptjs@https://registry.npmjs.org/bcryptjs/-/bcryptjs-3.0.2.tgz. Extracting by manifest.
1087 silly tarball no local data for bindings@https://registry.npmjs.org/bindings/-/bindings-1.5.0.tgz. Extracting by manifest.
1088 silly tarball no local data for base64url@https://registry.npmjs.org/base64url/-/base64url-3.0.1.tgz. Extracting by manifest.
1089 silly tarball no local data for base64-js@https://registry.npmjs.org/base64-js/-/base64-js-1.5.1.tgz. Extracting by manifest.
1090 silly tarball no local data for braces@https://registry.npmjs.org/braces/-/braces-3.0.3.tgz. Extracting by manifest.
1091 silly tarball no local data for balanced-match@https://registry.npmjs.org/balanced-match/-/balanced-match-1.0.2.tgz. Extracting by manifest.
1092 silly tarball no local data for axios@https://registry.npmjs.org/axios/-/axios-1.12.2.tgz. Extracting by manifest.
1093 silly tarball no local data for are-we-there-yet@https://registry.npmjs.org/are-we-there-yet/-/are-we-there-yet-3.0.1.tgz. Extracting by manifest.
1094 silly tarball no local data for aproba@https://registry.npmjs.org/aproba/-/aproba-2.1.0.tgz. Extracting by manifest.
1095 silly tarball no local data for asynckit@https://registry.npmjs.org/asynckit/-/asynckit-0.4.0.tgz. Extracting by manifest.
1096 silly tarball no local data for binary-extensions@https://registry.npmjs.org/binary-extensions/-/binary-extensions-2.3.0.tgz. Extracting by manifest.
1097 silly tarball no local data for append-field@https://registry.npmjs.org/append-field/-/append-field-1.0.0.tgz. Extracting by manifest.
1098 silly tarball no local data for anymatch@https://registry.npmjs.org/anymatch/-/anymatch-3.1.3.tgz. Extracting by manifest.
1099 silly tarball no local data for aggregate-error@https://registry.npmjs.org/aggregate-error/-/aggregate-error-3.1.0.tgz. Extracting by manifest.
1100 silly tarball no local data for @types/whatwg-url@https://registry.npmjs.org/@types/whatwg-url/-/whatwg-url-11.0.5.tgz. Extracting by manifest.
1101 silly tarball no local data for agentkeepalive@https://registry.npmjs.org/agentkeepalive/-/agentkeepalive-4.6.0.tgz. Extracting by manifest.
1102 silly tarball no local data for accepts@https://registry.npmjs.org/accepts/-/accepts-2.0.0.tgz. Extracting by manifest.
1103 silly tarball no local data for ansi-regex@https://registry.npmjs.org/ansi-regex/-/ansi-regex-5.0.1.tgz. Extracting by manifest.
1104 silly tarball no local data for @types/validator@https://registry.npmjs.org/@types/validator/-/validator-13.15.3.tgz. Extracting by manifest.
1105 silly tarball no local data for agent-base@https://registry.npmjs.org/agent-base/-/agent-base-6.0.2.tgz. Extracting by manifest.
1106 silly tarball no local data for abbrev@https://registry.npmjs.org/abbrev/-/abbrev-1.1.1.tgz. Extracting by manifest.
1107 silly tarball no local data for @types/node@https://registry.npmjs.org/@types/node/-/node-24.4.0.tgz. Extracting by manifest.
1108 silly tarball no local data for @npmcli/fs@https://registry.npmjs.org/@npmcli/fs/-/fs-1.1.1.tgz. Extracting by manifest.
1109 silly tarball no local data for @types/webidl-conversions@https://registry.npmjs.org/@types/webidl-conversions/-/webidl-conversions-7.0.3.tgz. Extracting by manifest.
1110 silly tarball no local data for @tootallnate/once@https://registry.npmjs.org/@tootallnate/once/-/once-1.1.2.tgz. Extracting by manifest.
1111 silly tarball no local data for @types/debug@https://registry.npmjs.org/@types/debug/-/debug-4.1.12.tgz. Extracting by manifest.
1112 silly tarball no local data for @types/ms@https://registry.npmjs.org/@types/ms/-/ms-2.1.0.tgz. Extracting by manifest.
1113 silly tarball no local data for @npmcli/move-file@https://registry.npmjs.org/@npmcli/move-file/-/move-file-1.1.2.tgz. Extracting by manifest.
1114 silly tarball no local data for @mongodb-js/saslprep@https://registry.npmjs.org/@mongodb-js/saslprep/-/saslprep-1.3.0.tgz. Extracting by manifest.
1115 silly tarball no local data for @gar/promisify@https://registry.npmjs.org/@gar/promisify/-/promisify-1.1.3.tgz. Extracting by manifest.
1116 silly tarball no local data for @smithy/is-array-buffer@https://registry.npmjs.org/@smithy/is-array-buffer/-/is-array-buffer-2.2.0.tgz. Extracting by manifest.
1117 silly tarball no local data for buffer@https://registry.npmjs.org/buffer/-/buffer-5.6.0.tgz. Extracting by manifest.
1118 silly tarball no local data for @smithy/util-utf8@https://registry.npmjs.org/@smithy/util-utf8/-/util-utf8-2.3.0.tgz. Extracting by manifest.
1119 silly tarball no local data for @smithy/is-array-buffer@https://registry.npmjs.org/@smithy/is-array-buffer/-/is-array-buffer-2.2.0.tgz. Extracting by manifest.
1120 silly tarball no local data for @smithy/util-buffer-from@https://registry.npmjs.org/@smithy/util-buffer-from/-/util-buffer-from-2.2.0.tgz. Extracting by manifest.
1121 silly tarball no local data for @smithy/util-buffer-from@https://registry.npmjs.org/@smithy/util-buffer-from/-/util-buffer-from-2.2.0.tgz. Extracting by manifest.
1122 silly tarball no local data for mime-types@https://registry.npmjs.org/mime-types/-/mime-types-2.1.35.tgz. Extracting by manifest.
1123 silly tarball no local data for @smithy/is-array-buffer@https://registry.npmjs.org/@smithy/is-array-buffer/-/is-array-buffer-2.2.0.tgz. Extracting by manifest.
1124 silly tarball no local data for @smithy/util-buffer-from@https://registry.npmjs.org/@smithy/util-buffer-from/-/util-buffer-from-2.2.0.tgz. Extracting by manifest.
1125 silly tarball no local data for type-is@https://registry.npmjs.org/type-is/-/type-is-1.6.18.tgz. Extracting by manifest.
1126 silly tarball no local data for mime-db@https://registry.npmjs.org/mime-db/-/mime-db-1.52.0.tgz. Extracting by manifest.
1127 silly tarball no local data for @smithy/util-utf8@https://registry.npmjs.org/@smithy/util-utf8/-/util-utf8-2.3.0.tgz. Extracting by manifest.
1128 silly tarball no local data for chownr@https://registry.npmjs.org/chownr/-/chownr-1.1.4.tgz. Extracting by manifest.
1129 silly tarball no local data for @smithy/util-utf8@https://registry.npmjs.org/@smithy/util-utf8/-/util-utf8-2.3.0.tgz. Extracting by manifest.
1130 silly tarball no local data for minipass@https://registry.npmjs.org/minipass/-/minipass-5.0.0.tgz. Extracting by manifest.
1131 silly tarball no local data for media-typer@https://registry.npmjs.org/media-typer/-/media-typer-0.3.0.tgz. Extracting by manifest.
1132 silly tarball no local data for iconv-lite@https://registry.npmjs.org/iconv-lite/-/iconv-lite-0.7.0.tgz. Extracting by manifest.
1133 silly tarball no local data for statuses@https://registry.npmjs.org/statuses/-/statuses-2.0.1.tgz. Extracting by manifest.
1134 silly tarball no local data for mkdirp@https://registry.npmjs.org/mkdirp/-/mkdirp-1.0.4.tgz. Extracting by manifest.
1135 silly tarball no local data for negotiator@https://registry.npmjs.org/negotiator/-/negotiator-0.6.4.tgz. Extracting by manifest.
1136 silly tarball no local data for mime-types@https://registry.npmjs.org/mime-types/-/mime-types-2.1.35.tgz. Extracting by manifest.
1137 silly tarball no local data for mime-db@https://registry.npmjs.org/mime-db/-/mime-db-1.52.0.tgz. Extracting by manifest.
1138 silly tarball no local data for cookie-signature@https://registry.npmjs.org/cookie-signature/-/cookie-signature-1.0.7.tgz. Extracting by manifest.
1139 silly tarball no local data for ms@https://registry.npmjs.org/ms/-/ms-2.0.0.tgz. Extracting by manifest.
1140 silly tarball no local data for mkdirp@https://registry.npmjs.org/mkdirp/-/mkdirp-1.0.4.tgz. Extracting by manifest.
1141 silly tarball no local data for debug@https://registry.npmjs.org/debug/-/debug-2.6.9.tgz. Extracting by manifest.
1142 silly tarball no local data for mkdirp@https://registry.npmjs.org/mkdirp/-/mkdirp-1.0.4.tgz. Extracting by manifest.
1143 http fetch POST 200 https://registry.npmjs.org/-/npm/v1/security/advisories/bulk 1304ms
1144 silly audit report {
1144 silly audit report   '@tootallnate/once': [
1144 silly audit report     {
1144 silly audit report       id: 1113977,
1144 silly audit report       url: 'https://github.com/advisories/GHSA-vpq2-c234-7xj6',
1144 silly audit report       title: '@tootallnate/once vulnerable to Incorrect Control Flow Scoping',
1144 silly audit report       severity: 'low',
1144 silly audit report       vulnerable_versions: '<3.0.1',
1144 silly audit report       cwe: [Array],
1144 silly audit report       cvss: [Object]
1144 silly audit report     }
1144 silly audit report   ],
1144 silly audit report   axios: [
1144 silly audit report     {
1144 silly audit report       id: 1113275,
1144 silly audit report       url: 'https://github.com/advisories/GHSA-43fc-jf86-j433',
1144 silly audit report       title: 'Axios is Vulnerable to Denial of Service via __proto__ Key in mergeConfig',
1144 silly audit report       severity: 'high',
1144 silly audit report       vulnerable_versions: '>=1.0.0 <=1.13.4',
1144 silly audit report       cwe: [Array],
1144 silly audit report       cvss: [Object]
1144 silly audit report     }
1144 silly audit report   ],
1144 silly audit report   'body-parser': [
1144 silly audit report     {
1144 silly audit report       id: 1110858,
1144 silly audit report       url: 'https://github.com/advisories/GHSA-wqch-xfxh-vrr4',
1144 silly audit report       title: 'body-parser is vulnerable to denial of service when url encoding is used',
1144 silly audit report       severity: 'moderate',
1144 silly audit report       vulnerable_versions: '>=2.2.0 <2.2.1',
1144 silly audit report       cwe: [Array],
1144 silly audit report       cvss: [Object]
1144 silly audit report     }
1144 silly audit report   ],
1144 silly audit report   'brace-expansion': [
1144 silly audit report     {
1144 silly audit report       id: 1115540,
1144 silly audit report       url: 'https://github.com/advisories/GHSA-f886-m6hf-6m8v',
1144 silly audit report       title: 'brace-expansion: Zero-step sequence causes process hang and memory exhaustion',
1144 silly audit report       severity: 'moderate',
1144 silly audit report       vulnerable_versions: '<1.1.13',
1144 silly audit report       cwe: [Array],
1144 silly audit report       cvss: [Object]
1144 silly audit report     }
1144 silly audit report   ],
1144 silly audit report   dottie: [
1144 silly audit report     {
1144 silly audit report       id: 1113536,
1144 silly audit report       url: 'https://github.com/advisories/GHSA-r5mx-6wc6-7h9w',
1144 silly audit report       title: 'dottie is vulnerable to Prototype Pollution bypass via non-first path segments in set() and transform()',
1144 silly audit report       severity: 'moderate',
1144 silly audit report       vulnerable_versions: '>=2.0.4 <=2.0.6',
1144 silly audit report       cwe: [Array],
1144 silly audit report       cvss: [Object]
1144 silly audit report     }
1144 silly audit report   ],
1144 silly audit report   jws: [
1144 silly audit report     {
1144 silly audit report       id: 1111244,
1144 silly audit report       url: 'https://github.com/advisories/GHSA-869p-cjfg-cm3x',
1144 silly audit report       title: 'auth0/node-jws Improperly Verifies HMAC Signature',
1144 silly audit report       severity: 'high',
1144 silly audit report       vulnerable_versions: '<3.2.3',
1144 silly audit report       cwe: [Array],
1144 silly audit report       cvss: [Object]
1144 silly audit report     }
1144 silly audit report   ],
1144 silly audit report   lodash: [
1144 silly audit report     {
1144 silly audit report       id: 1112455,
1144 silly audit report       url: 'https://github.com/advisories/GHSA-xxjr-mmjv-4gpg',
1144 silly audit report       title: 'Lodash has Prototype Pollution Vulnerability in `_.unset` and `_.omit` functions',
1144 silly audit report       severity: 'moderate',
1144 silly audit report       vulnerable_versions: '>=4.0.0 <=4.17.22',
1144 silly audit report       cwe: [Array],
1144 silly audit report       cvss: [Object]
1144 silly audit report     },
1144 silly audit report     {
1144 silly audit report       id: 1115806,
1144 silly audit report       url: 'https://github.com/advisories/GHSA-r5fr-rjxr-66jc',
1144 silly audit report       title: 'lodash vulnerable to Code Injection via `_.template` imports key names',
1144 silly audit report       severity: 'high',
1144 silly audit report       vulnerable_versions: '>=4.0.0 <=4.17.23',
1144 silly audit report       cwe: [Array],
1144 silly audit report       cvss: [Object]
1144 silly audit report     },
1144 silly audit report     {
1144 silly audit report       id: 1115810,
1144 silly audit report       url: 'https://github.com/advisories/GHSA-f23m-r3pf-42rh',
1144 silly audit report       title: 'lodash vulnerable to Prototype Pollution via array path bypass in `_.unset` and `_.omit`',
1144 silly audit report       severity: 'moderate',
1144 silly audit report       vulnerable_versions: '<=4.17.23',
1144 silly audit report       cwe: [Array],
1144 silly audit report       cvss: [Object]
1144 silly audit report     }
1144 silly audit report   ],
1144 silly audit report   minimatch: [
1144 silly audit report     {
1144 silly audit report       id: 1113459,
1144 silly audit report       url: 'https://github.com/advisories/GHSA-3ppc-4f35-3m26',
1144 silly audit report       title: 'minimatch has a ReDoS via repeated wildcards with non-matching literal in pattern',
1144 silly audit report       severity: 'high',
1144 silly audit report       vulnerable_versions: '<3.1.3',
1144 silly audit report       cwe: [Array],
1144 silly audit report       cvss: [Object]
1144 silly audit report     },
1144 silly audit report     {
1144 silly audit report       id: 1113538,
1144 silly audit report       url: 'https://github.com/advisories/GHSA-7r86-cg39-jmmj',
1144 silly audit report       title: 'minimatch has ReDoS: matchOne() combinatorial backtracking via multiple non-adjacent GLOBSTAR segments',
1144 silly audit report       severity: 'high',
1144 silly audit report       vulnerable_versions: '<3.1.3',
1144 silly audit report       cwe: [Array],
1144 silly audit report       cvss: [Object]
1144 silly audit report     },
1144 silly audit report     {
1144 silly audit report       id: 1113546,
1144 silly audit report       url: 'https://github.com/advisories/GHSA-23c5-xmqv-rm74',
1144 silly audit report       title: 'minimatch ReDoS: nested *() extglobs generate catastrophically backtracking regular expressions',
1144 silly audit report       severity: 'high',
1144 silly audit report       vulnerable_versions: '<3.1.4',
1144 silly audit report       cwe: [Array],
1144 silly audit report       cvss: [Object]
1144 silly audit report     }
1144 silly audit report   ],
1144 silly audit report   nodemailer: [
1144 silly audit report     {
1144 silly audit report       id: 1109804,
1144 silly audit report       url: 'https://github.com/advisories/GHSA-mm7p-fcc7-pg87',
1144 silly audit report       title: 'Nodemailer: Email to an unintended domain can occur due to Interpretation Conflict',
1144 silly audit report       severity: 'moderate',
1144 silly audit report       vulnerable_versions: '<7.0.7',
1144 silly audit report       cwe: [Array],
1144 silly audit report       cvss: [Object]
1144 silly audit report     },
1144 silly audit report     {
1144 silly audit report       id: 1113165,
1144 silly audit report       url: 'https://github.com/advisories/GHSA-rcmh-qjqh-p98v',
1144 silly audit report       title: 'Nodemailer’s addressparser is vulnerable to DoS caused by recursive calls',
1144 silly audit report       severity: 'high',
1144 silly audit report       vulnerable_versions: '<=7.0.10',
1144 silly audit report       cwe: [Array],
1144 silly audit report       cvss: [Object]
1144 silly audit report     },
1144 silly audit report     {
1144 silly audit report       id: 1115470,
1144 silly audit report       url: 'https://github.com/advisories/GHSA-c7w3-x93f-qmm8',
1144 silly audit report       title: 'Nodemailer has SMTP command injection due to unsanitized `envelope.size` parameter',
1144 silly audit report       severity: 'low',
1144 silly audit report       vulnerable_versions: '<8.0.4',
1144 silly audit report       cwe: [Array],
1144 silly audit report       cvss: [Object]
1144 silly audit report     }
1144 silly audit report   ],
1144 silly audit report   'path-to-regexp': [
1144 silly audit report     {
1144 silly audit report       id: 1115573,
1144 silly audit report       url: 'https://github.com/advisories/GHSA-j3q9-mxjg-w52f',
1144 silly audit report       title: 'path-to-regexp vulnerable to Denial of Service via sequential optional groups',
1144 silly audit report       severity: 'high',
1144 silly audit report       vulnerable_versions: '>=8.0.0 <8.4.0',
1144 silly audit report       cwe: [Array],
1144 silly audit report       cvss: [Object]
1144 silly audit report     },
1144 silly audit report     {
1144 silly audit report       id: 1115582,
1144 silly audit report       url: 'https://github.com/advisories/GHSA-27v5-c462-wpq7',
1144 silly audit report       title: 'path-to-regexp vulnerable to Regular Expression Denial of Service via multiple wildcards',
1144 silly audit report       severity: 'moderate',
1144 silly audit report       vulnerable_versions: '>=8.0.0 <8.4.0',
1144 silly audit report       cwe: [Array],
1144 silly audit report       cvss: [Object]
1144 silly audit report     }
1144 silly audit report   ],
1144 silly audit report   picomatch: [
1144 silly audit report     {
1144 silly audit report       id: 1115549,
1144 silly audit report       url: 'https://github.com/advisories/GHSA-3v7f-55p6-f55p',
1144 silly audit report       title: 'Picomatch: Method Injection in POSIX Character Classes causes incorrect Glob Matching',
1144 silly audit report       severity: 'moderate',
1144 silly audit report       vulnerable_versions: '<2.3.2',
1144 silly audit report       cwe: [Array],
1144 silly audit report       cvss: [Object]
1144 silly audit report     },
1144 silly audit report     {
1144 silly audit report       id: 1115552,
1144 silly audit report       url: 'https://github.com/advisories/GHSA-c2c7-rcm5-vvqj',
1144 silly audit report       title: 'Picomatch has a ReDoS vulnerability via extglob quantifiers',
1144 silly audit report       severity: 'high',
1144 silly audit report       vulnerable_versions: '<2.3.2',
1144 silly audit report       cwe: [Array],
1144 silly audit report       cvss: [Object]
1144 silly audit report     }
1144 silly audit report   ],
1144 silly audit report   qs: [
1144 silly audit report     {
1144 silly audit report       id: 1113161,
1144 silly audit report       url: 'https://github.com/advisories/GHSA-w7fw-mjwx-w883',
1144 silly audit report       title: "qs's arrayLimit bypass in comma parsing allows denial of service",
1144 silly audit report       severity: 'low',
1144 silly audit report       vulnerable_versions: '>=6.7.0 <=6.14.1',
1144 silly audit report       cwe: [Array],
1144 silly audit report       cvss: [Object]
1144 silly audit report     },
1144 silly audit report     {
1144 silly audit report       id: 1113719,
1144 silly audit report       url: 'https://github.com/advisories/GHSA-6rw7-vpxm-498p',
1144 silly audit report       title: "qs's arrayLimit bypass in its bracket notation allows DoS via memory exhaustion",
1144 silly audit report       severity: 'moderate',
1144 silly audit report       vulnerable_versions: '<6.14.1',
1144 silly audit report       cwe: [Array],
1144 silly audit report       cvss: [Object]
1144 silly audit report     }
1144 silly audit report   ],
1144 silly audit report   sequelize: [
1144 silly audit report     {
1144 silly audit report       id: 1114318,
1144 silly audit report       url: 'https://github.com/advisories/GHSA-6457-6jrx-69cr',
1144 silly audit report       title: 'Sequelize v6 Vulnerable to SQL Injection via JSON Column Cast Type',
1144 silly audit report       severity: 'high',
1144 silly audit report       vulnerable_versions: '>=6.0.0-beta.1 <=6.37.7',
1144 silly audit report       cwe: [Array],
1144 silly audit report       cvss: [Object]
1144 silly audit report     }
1144 silly audit report   ],
1144 silly audit report   tar: [
1144 silly audit report     {
1144 silly audit report       id: 1112659,
1144 silly audit report       url: 'https://github.com/advisories/GHSA-34x7-hfp2-rc4v',
1144 silly audit report       title: 'node-tar Vulnerable to Arbitrary File Creation/Overwrite via Hardlink Path Traversal',
1144 silly audit report       severity: 'high',
1144 silly audit report       vulnerable_versions: '<7.5.7',
1144 silly audit report       cwe: [Array],
1144 silly audit report       cvss: [Object]
1144 silly audit report     },
1144 silly audit report     {
1144 silly audit report       id: 1113300,
1144 silly audit report       url: 'https://github.com/advisories/GHSA-8qq5-rm4j-mr97',
1144 silly audit report       title: 'node-tar is Vulnerable to Arbitrary File Overwrite and Symlink Poisoning via Insufficient Path Sanitization',
1144 silly audit report       severity: 'high',
1144 silly audit report       vulnerable_versions: '<=7.5.2',
1144 silly audit report       cwe: [Array],
1144 silly audit report       cvss: [Object]
1144 silly audit report     },
1144 silly audit report     {
1144 silly audit report       id: 1113375,
1144 silly audit report       url: 'https://github.com/advisories/GHSA-83g3-92jg-28cx',
1144 silly audit report       title: 'Arbitrary File Read/Write via Hardlink Target Escape Through Symlink Chain in node-tar Extraction',
1144 silly audit report       severity: 'high',
1144 silly audit report       vulnerable_versions: '<7.5.8',
1144 silly audit report       cwe: [Array],
1144 silly audit report       cvss: [Object]
1144 silly audit report     },
1144 silly audit report     {
1144 silly audit report       id: 1114200,
1144 silly audit report       url: 'https://github.com/advisories/GHSA-qffp-2rhf-9h96',
1144 silly audit report       title: 'tar has Hardlink Path Traversal via Drive-Relative Linkpath',
1144 silly audit report       severity: 'high',
1144 silly audit report       vulnerable_versions: '<=7.5.9',
1144 silly audit report       cwe: [Array],
1144 silly audit report       cvss: [Object]
1144 silly audit report     },
1144 silly audit report     {
1144 silly audit report       id: 1114302,
1144 silly audit report       url: 'https://github.com/advisories/GHSA-9ppj-qmqm-q256',
1144 silly audit report       title: 'node-tar Symlink Path Traversal via Drive-Relative Linkpath',
1144 silly audit report       severity: 'high',
1144 silly audit report       vulnerable_versions: '<=7.5.10',
1144 silly audit report       cwe: [Array],
1144 silly audit report       cvss: [Object]
1144 silly audit report     },
1144 silly audit report     {
1144 silly audit report       id: 1114680,
1144 silly audit report       url: 'https://github.com/advisories/GHSA-r6q2-hw4h-h46w',
1144 silly audit report       title: 'Race Condition in node-tar Path Reservations via Unicode Ligature Collisions on macOS APFS',
1144 silly audit report       severity: 'high',
1144 silly audit report       vulnerable_versions: '<=7.5.3',
1144 silly audit report       cwe: [Array],
1144 silly audit report       cvss: [Object]
1144 silly audit report     }
1144 silly audit report   ],
1144 silly audit report   'tar-fs': [
1144 silly audit report     {
1144 silly audit report       id: 1109532,
1144 silly audit report       url: 'https://github.com/advisories/GHSA-vj76-c3g6-qr5v',
1144 silly audit report       title: 'tar-fs has a symlink validation bypass if destination directory is predictable with a specific tarball',
1144 silly audit report       severity: 'high',
1144 silly audit report       vulnerable_versions: '>=2.0.0 <2.1.4',
1144 silly audit report       cwe: [Array],
1144 silly audit report       cvss: [Object]
1144 silly audit report     }
1144 silly audit report   ],
1144 silly audit report   validator: [
1144 silly audit report     {
1144 silly audit report       id: 1109241,
1144 silly audit report       url: 'https://github.com/advisories/GHSA-9965-vmph-33xx',
1144 silly audit report       title: 'validator.js has a URL validation bypass vulnerability in its isURL function',
1144 silly audit report       severity: 'moderate',
1144 silly audit report       vulnerable_versions: '<13.15.20',
1144 silly audit report       cwe: [Array],
1144 silly audit report       cvss: [Object]
1144 silly audit report     },
1144 silly audit report     {
1144 silly audit report       id: 1112713,
1144 silly audit report       url: 'https://github.com/advisories/GHSA-vghf-hv5q-vc2g',
1144 silly audit report       title: 'Validator is Vulnerable to Incomplete Filtering of One or More Instances of Special Elements',
1144 silly audit report       severity: 'high',
1144 silly audit report       vulnerable_versions: '<13.15.22',
1144 silly audit report       cwe: [Array],
1144 silly audit report       cvss: [Object]
1144 silly audit report     }
1144 silly audit report   ]
1144 silly audit report }
1145 silly packumentCache corgi:https://registry.npmjs.org/@tootallnate%2fonce cache-miss
1146 silly packumentCache corgi:https://registry.npmjs.org/axios cache-miss
1147 silly packumentCache corgi:https://registry.npmjs.org/body-parser cache-miss
1148 silly packumentCache corgi:https://registry.npmjs.org/brace-expansion cache-miss
1149 silly packumentCache corgi:https://registry.npmjs.org/dottie cache-miss
1150 silly packumentCache corgi:https://registry.npmjs.org/jws cache-miss
1151 silly packumentCache corgi:https://registry.npmjs.org/lodash cache-miss
1152 silly packumentCache corgi:https://registry.npmjs.org/minimatch cache-miss
1153 silly packumentCache corgi:https://registry.npmjs.org/nodemailer cache-miss
1154 silly packumentCache corgi:https://registry.npmjs.org/path-to-regexp cache-miss
1155 silly packumentCache corgi:https://registry.npmjs.org/picomatch cache-miss
1156 silly packumentCache corgi:https://registry.npmjs.org/qs cache-miss
1157 silly packumentCache corgi:https://registry.npmjs.org/sequelize cache-miss
1158 silly packumentCache corgi:https://registry.npmjs.org/tar cache-miss
1159 silly packumentCache corgi:https://registry.npmjs.org/tar-fs cache-miss
1160 silly packumentCache corgi:https://registry.npmjs.org/validator cache-miss
1161 http fetch GET 200 https://registry.npmjs.org/html-comment-regex/-/html-comment-regex-1.1.2.tgz 1250ms (cache miss)
1162 http fetch GET 200 https://registry.npmjs.org/stream-browserify/-/stream-browserify-3.0.0.tgz 1257ms (cache miss)
1163 http fetch GET 200 https://registry.npmjs.org/@smithy/querystring-parser/-/querystring-parser-4.2.13.tgz 1253ms (cache miss)
1164 http fetch GET 200 https://registry.npmjs.org/file-type/-/file-type-3.9.0.tgz 1281ms (cache miss)
1165 http fetch GET 200 https://registry.npmjs.org/@aws-sdk/crc64-nvme/-/crc64-nvme-3.972.5.tgz 1250ms (cache miss)
1166 http fetch GET 200 https://registry.npmjs.org/queue-microtask/-/queue-microtask-1.2.3.tgz 1289ms (cache miss)
1167 http fetch GET 200 https://registry.npmjs.org/run-parallel/-/run-parallel-1.2.0.tgz 1291ms (cache miss)
1168 http fetch GET 200 https://registry.npmjs.org/@smithy/chunked-blob-reader-native/-/chunked-blob-reader-native-4.2.3.tgz 1288ms (cache miss)
1169 http fetch GET 200 https://registry.npmjs.org/strnum/-/strnum-2.2.3.tgz 1296ms (cache miss)
1170 http fetch GET 200 https://registry.npmjs.org/@smithy/util-buffer-from/-/util-buffer-from-4.2.2.tgz 1290ms (cache miss)
1171 http fetch GET 200 https://registry.npmjs.org/@smithy/util-hex-encoding/-/util-hex-encoding-4.2.2.tgz 1287ms (cache miss)
1172 http fetch GET 200 https://registry.npmjs.org/@smithy/eventstream-serde-universal/-/eventstream-serde-universal-4.2.13.tgz 1285ms (cache miss)
1173 http fetch GET 200 https://registry.npmjs.org/@smithy/util-config-provider/-/util-config-provider-4.2.2.tgz 1282ms (cache miss)
1174 http fetch GET 200 https://registry.npmjs.org/@smithy/uuid/-/uuid-1.1.2.tgz 1289ms (cache miss)
1175 http fetch GET 200 https://registry.npmjs.org/@aws-sdk/credential-provider-http/-/credential-provider-http-3.972.26.tgz 1390ms (cache miss)
1176 http fetch GET 200 https://registry.npmjs.org/@aws-sdk/token-providers/-/token-providers-3.1021.0.tgz 1402ms (cache miss)
1177 http fetch GET 200 https://registry.npmjs.org/@aws/lambda-invoke-store/-/lambda-invoke-store-0.2.4.tgz 1411ms (cache miss)
1178 http fetch GET 200 https://registry.npmjs.org/@smithy/is-array-buffer/-/is-array-buffer-4.2.2.tgz 1465ms (cache miss)
1179 http fetch GET 200 https://registry.npmjs.org/@smithy/service-error-classification/-/service-error-classification-4.2.13.tgz 1506ms (cache miss)
1180 http fetch GET 200 https://registry.npmjs.org/@aws-sdk/credential-provider-login/-/credential-provider-login-3.972.28.tgz 1476ms (cache miss)
1181 http fetch GET 200 https://registry.npmjs.org/@smithy/eventstream-codec/-/eventstream-codec-4.2.13.tgz 1502ms (cache miss)
1182 http fetch GET 200 https://registry.npmjs.org/@aws-sdk/credential-provider-web-identity/-/credential-provider-web-identity-3.972.28.tgz 1482ms (cache miss)
1183 http fetch GET 200 https://registry.npmjs.org/@aws-sdk/credential-provider-process/-/credential-provider-process-3.972.24.tgz 1533ms (cache miss)
1184 http fetch GET 200 https://registry.npmjs.org/@aws-sdk/util-locate-window/-/util-locate-window-3.965.5.tgz 1538ms (cache miss)
1185 http fetch GET 200 https://registry.npmjs.org/@smithy/util-utf8/-/util-utf8-4.2.2.tgz 1533ms (cache miss)
1186 http fetch GET 200 https://registry.npmjs.org/@smithy/util-waiter/-/util-waiter-4.2.15.tgz 1543ms (cache miss)
1187 http fetch GET 200 https://registry.npmjs.org/@aws-crypto/supports-web-crypto/-/supports-web-crypto-5.2.0.tgz 1546ms (cache miss)
1188 http fetch GET 200 https://registry.npmjs.org/@aws-sdk/credential-provider-env/-/credential-provider-env-3.972.24.tgz 1573ms (cache miss)
1189 http fetch GET 200 https://registry.npmjs.org/@smithy/querystring-builder/-/querystring-builder-4.2.13.tgz 1650ms (cache miss)
1190 http fetch GET 200 https://registry.npmjs.org/@smithy/util-defaults-mode-browser/-/util-defaults-mode-browser-4.3.45.tgz 1631ms (cache miss)
1191 http fetch GET 200 https://registry.npmjs.org/@smithy/url-parser/-/url-parser-4.2.13.tgz 1633ms (cache miss)
1192 http fetch GET 200 https://registry.npmjs.org/@smithy/chunked-blob-reader/-/chunked-blob-reader-5.2.2.tgz 1702ms (cache miss)
1193 http fetch GET 200 https://registry.npmjs.org/@smithy/middleware-endpoint/-/middleware-endpoint-4.4.29.tgz 1626ms (cache miss)
1194 http fetch GET 200 https://registry.npmjs.org/@smithy/util-uri-escape/-/util-uri-escape-4.2.2.tgz 1727ms (cache miss)
1195 http fetch GET 200 https://registry.npmjs.org/@smithy/node-config-provider/-/node-config-provider-4.3.13.tgz 1656ms (cache miss)
1196 http fetch GET 200 https://registry.npmjs.org/@smithy/hash-stream-node/-/hash-stream-node-4.2.13.tgz 1651ms (cache miss)
1197 http fetch GET 200 https://registry.npmjs.org/@smithy/protocol-http/-/protocol-http-5.3.13.tgz 1695ms (cache miss)
1198 http fetch GET 200 https://registry.npmjs.org/@smithy/hash-node/-/hash-node-4.2.13.tgz 1682ms (cache miss)
1199 http fetch GET 200 https://registry.npmjs.org/@smithy/hash-blob-browser/-/hash-blob-browser-4.2.14.tgz 1704ms (cache miss)
1200 http fetch GET 200 https://registry.npmjs.org/@aws-sdk/util-user-agent-node/-/util-user-agent-node-3.973.14.tgz 1708ms (cache miss)
1201 http fetch GET 200 https://registry.npmjs.org/path-expression-matcher/-/path-expression-matcher-1.3.0.tgz 1803ms (cache miss)
1202 http fetch GET 200 https://registry.npmjs.org/fast-xml-builder/-/fast-xml-builder-1.1.4.tgz 1821ms (cache miss)
1203 http fetch GET 200 https://registry.npmjs.org/@aws-sdk/util-endpoints/-/util-endpoints-3.996.5.tgz 1708ms (cache miss)
1204 http fetch GET 200 https://registry.npmjs.org/@smithy/fetch-http-handler/-/fetch-http-handler-5.3.16.tgz 1727ms (cache miss)
1205 http fetch GET 200 https://registry.npmjs.org/@smithy/middleware-content-length/-/middleware-content-length-4.2.13.tgz 1790ms (cache miss)
1206 http fetch GET 200 https://registry.npmjs.org/@smithy/eventstream-serde-config-resolver/-/eventstream-serde-config-resolver-4.3.13.tgz 1868ms (cache miss)
1207 http fetch GET 200 https://registry.npmjs.org/@aws-sdk/middleware-logger/-/middleware-logger-3.972.8.tgz 1873ms (cache miss)
1208 http fetch GET 200 https://registry.npmjs.org/bowser/-/bowser-2.14.1.tgz 1974ms (cache miss)
1209 http fetch GET 200 https://registry.npmjs.org/@aws-sdk/region-config-resolver/-/region-config-resolver-3.972.10.tgz 1918ms (cache miss)
1210 http fetch GET 200 https://registry.npmjs.org/@aws-sdk/middleware-user-agent/-/middleware-user-agent-3.972.28.tgz 1913ms (cache miss)
1211 http fetch GET 200 https://registry.npmjs.org/@smithy/util-middleware/-/util-middleware-4.2.13.tgz 1972ms (cache miss)
1212 http fetch GET 200 https://registry.npmjs.org/@smithy/md5-js/-/md5-js-4.2.13.tgz 1973ms (cache miss)
1213 http fetch GET 200 https://registry.npmjs.org/@smithy/util-body-length-browser/-/util-body-length-browser-4.2.2.tgz 1996ms (cache miss)
1214 http fetch GET 200 https://registry.npmjs.org/@smithy/middleware-retry/-/middleware-retry-4.5.0.tgz 1985ms (cache miss)
1215 http fetch GET 200 https://registry.npmjs.org/@smithy/util-body-length-node/-/util-body-length-node-4.2.3.tgz 2006ms (cache miss)
1216 http fetch GET 200 https://registry.npmjs.org/@smithy/middleware-stack/-/middleware-stack-4.2.13.tgz 2046ms (cache miss)
1217 http fetch GET 200 https://registry.npmjs.org/@aws-sdk/middleware-expect-continue/-/middleware-expect-continue-3.972.8.tgz 2023ms (cache miss)
1218 http fetch GET 200 https://registry.npmjs.org/multer-s3/-/multer-s3-3.0.1.tgz 2049ms (cache miss)
1219 http fetch GET 200 https://registry.npmjs.org/@aws-sdk/middleware-location-constraint/-/middleware-location-constraint-3.972.8.tgz 2060ms (cache miss)
1220 http fetch GET 200 https://registry.npmjs.org/@aws-sdk/middleware-host-header/-/middleware-host-header-3.972.8.tgz 2070ms (cache miss)
1221 http fetch GET 200 https://registry.npmjs.org/@aws-sdk/credential-provider-node/-/credential-provider-node-3.972.29.tgz 2085ms (cache miss)
1222 http fetch GET 200 https://registry.npmjs.org/wrappy/-/wrappy-1.0.2.tgz 2081ms (cache miss)
1223 http fetch GET 200 https://registry.npmjs.org/@aws-sdk/middleware-recursion-detection/-/middleware-recursion-detection-3.972.9.tgz 2102ms (cache miss)
1224 http fetch GET 200 https://registry.npmjs.org/@aws-sdk/util-user-agent-browser/-/util-user-agent-browser-3.972.8.tgz 2128ms (cache miss)
1225 http fetch GET 200 https://registry.npmjs.org/multer/-/multer-2.1.1.tgz 2103ms (cache miss)
1226 http fetch GET 200 https://registry.npmjs.org/yallist/-/yallist-4.0.0.tgz 2107ms (cache miss)
1227 http fetch GET 200 https://registry.npmjs.org/tslib/-/tslib-2.8.1.tgz 2190ms (cache miss)
1228 http fetch GET 200 https://registry.npmjs.org/@aws-crypto/sha256-browser/-/sha256-browser-5.2.0.tgz 2136ms (cache miss)
1229 http fetch GET 200 https://registry.npmjs.org/@smithy/util-defaults-mode-node/-/util-defaults-mode-node-4.2.49.tgz 2217ms (cache miss)
1230 http fetch GET 200 https://registry.npmjs.org/@smithy/eventstream-serde-node/-/eventstream-serde-node-4.2.13.tgz 2206ms (cache miss)
1231 http fetch GET 200 https://registry.npmjs.org/@aws-crypto/sha1-browser/-/sha1-browser-5.2.0.tgz 2160ms (cache miss)
1232 http fetch GET 200 https://registry.npmjs.org/vary/-/vary-1.1.2.tgz 2156ms (cache miss)
1233 http fetch GET 200 https://registry.npmjs.org/webidl-conversions/-/webidl-conversions-7.0.0.tgz 2165ms (cache miss)
1234 http fetch GET 200 https://registry.npmjs.org/@smithy/middleware-serde/-/middleware-serde-4.2.17.tgz 2246ms (cache miss)
1235 http fetch GET 200 https://registry.npmjs.org/unique-slug/-/unique-slug-2.0.2.tgz 2187ms (cache miss)
1236 http fetch GET 200 https://registry.npmjs.org/@aws-sdk/middleware-ssec/-/middleware-ssec-3.972.8.tgz 2230ms (cache miss)
1237 http fetch GET 200 https://registry.npmjs.org/utils-merge/-/utils-merge-1.0.1.tgz 2200ms (cache miss)
1238 http fetch GET 200 https://registry.npmjs.org/typedarray/-/typedarray-0.0.6.tgz 2214ms (cache miss)
1239 http fetch GET 200 https://registry.npmjs.org/util-deprecate/-/util-deprecate-1.0.2.tgz 2228ms (cache miss)
1240 http fetch GET 200 https://registry.npmjs.org/wide-align/-/wide-align-1.1.5.tgz 2253ms (cache miss)
1241 http fetch GET 200 https://registry.npmjs.org/unpipe/-/unpipe-1.0.0.tgz 2246ms (cache miss)
1242 http fetch GET 200 https://registry.npmjs.org/undefsafe/-/undefsafe-2.0.5.tgz 2244ms (cache miss)
1243 http fetch GET 200 https://registry.npmjs.org/uid2/-/uid2-0.0.4.tgz 2266ms (cache miss)
1244 http fetch GET 200 https://registry.npmjs.org/toposort-class/-/toposort-class-1.0.1.tgz 2260ms (cache miss)
1245 http fetch GET 200 https://registry.npmjs.org/tunnel-agent/-/tunnel-agent-0.6.0.tgz 2278ms (cache miss)
1246 http fetch GET 200 https://registry.npmjs.org/type-is/-/type-is-2.0.1.tgz 2276ms (cache miss)
1247 http fetch GET 200 https://registry.npmjs.org/@smithy/eventstream-serde-browser/-/eventstream-serde-browser-4.2.13.tgz 2341ms (cache miss)
1248 http fetch GET 200 https://registry.npmjs.org/which/-/which-2.0.2.tgz 2300ms (cache miss)
1249 http fetch GET 200 https://registry.npmjs.org/@aws-sdk/util-arn-parser/-/util-arn-parser-3.972.3.tgz 2435ms (cache miss)
1250 http fetch GET 200 https://registry.npmjs.org/@smithy/shared-ini-file-loader/-/shared-ini-file-loader-4.4.8.tgz 2444ms (cache miss)
1251 http fetch GET 200 https://registry.npmjs.org/strip-json-comments/-/strip-json-comments-2.0.1.tgz 2298ms (cache miss)
1252 http fetch GET 200 https://registry.npmjs.org/toidentifier/-/toidentifier-1.0.1.tgz 2315ms (cache miss)
1253 http fetch GET 200 https://registry.npmjs.org/statuses/-/statuses-2.0.2.tgz 2309ms (cache miss)
1254 http fetch GET 200 https://registry.npmjs.org/to-regex-range/-/to-regex-range-5.0.1.tgz 2335ms (cache miss)
1255 http fetch GET 200 https://registry.npmjs.org/strip-ansi/-/strip-ansi-6.0.1.tgz 2326ms (cache miss)
1256 http fetch GET 200 https://registry.npmjs.org/touch/-/touch-3.1.1.tgz 2343ms (cache miss)
1257 http fetch GET 200 https://registry.npmjs.org/uid-safe/-/uid-safe-2.1.5.tgz 2347ms (cache miss)
1258 http fetch GET 200 https://registry.npmjs.org/supports-color/-/supports-color-5.5.0.tgz 2340ms (cache miss)
1259 http fetch GET 200 https://registry.npmjs.org/ssri/-/ssri-8.0.1.tgz 2348ms (cache miss)
1260 http fetch GET 200 https://registry.npmjs.org/string-width/-/string-width-4.2.3.tgz 2353ms (cache miss)
1261 http fetch GET 200 https://registry.npmjs.org/string_decoder/-/string_decoder-1.3.0.tgz 2357ms (cache miss)
1262 http fetch GET 200 https://registry.npmjs.org/streamsearch/-/streamsearch-1.1.0.tgz 2373ms (cache miss)
1263 http fetch GET 200 https://registry.npmjs.org/tar-fs/-/tar-fs-2.1.3.tgz 2380ms (cache miss)
1264 http fetch GET 200 https://registry.npmjs.org/@smithy/property-provider/-/property-provider-4.2.13.tgz 2517ms (cache miss)
1265 http fetch GET 200 https://registry.npmjs.org/simple-concat/-/simple-concat-1.0.1.tgz 2390ms (cache miss)
1266 http fetch GET 200 https://registry.npmjs.org/sparse-bitfield/-/sparse-bitfield-3.0.3.tgz 2389ms (cache miss)
1267 http fetch GET 200 https://registry.npmjs.org/socks-proxy-agent/-/socks-proxy-agent-6.2.1.tgz 2396ms (cache miss)
1268 http fetch GET 200 https://registry.npmjs.org/@aws-crypto/crc32/-/crc32-5.2.0.tgz 2568ms (cache miss)
1269 http fetch GET 200 https://registry.npmjs.org/@aws-crypto/crc32c/-/crc32c-5.2.0.tgz 2593ms (cache miss)
1270 http fetch GET 200 https://registry.npmjs.org/side-channel/-/side-channel-1.1.0.tgz 2431ms (cache miss)
1271 http fetch GET 200 https://registry.npmjs.org/@smithy/invalid-dependency/-/invalid-dependency-4.2.13.tgz 2550ms (cache miss)
1272 http fetch GET 200 https://registry.npmjs.org/simple-get/-/simple-get-4.0.1.tgz 2463ms (cache miss)
1273 http fetch GET 200 https://registry.npmjs.org/setprototypeof/-/setprototypeof-1.2.0.tgz 2497ms (cache miss)
1274 http fetch GET 200 https://registry.npmjs.org/safe-buffer/-/safe-buffer-5.2.1.tgz 2493ms (cache miss)
1275 http fetch GET 200 https://registry.npmjs.org/set-blocking/-/set-blocking-2.0.0.tgz 2534ms (cache miss)
1276 http fetch GET 200 https://registry.npmjs.org/signal-exit/-/signal-exit-3.0.7.tgz 2549ms (cache miss)
1277 http fetch GET 200 https://registry.npmjs.org/side-channel-list/-/side-channel-list-1.0.0.tgz 2553ms (cache miss)
1278 http fetch GET 200 https://registry.npmjs.org/side-channel-map/-/side-channel-map-1.0.1.tgz 2553ms (cache miss)
1279 http fetch GET 200 https://registry.npmjs.org/sequelize-pool/-/sequelize-pool-7.1.0.tgz 2571ms (cache miss)
1280 http fetch GET 200 https://registry.npmjs.org/scmp/-/scmp-2.1.0.tgz 2568ms (cache miss)
1281 http fetch GET 200 https://registry.npmjs.org/side-channel-weakmap/-/side-channel-weakmap-1.0.2.tgz 2601ms (cache miss)
1282 http fetch GET 200 https://registry.npmjs.org/readdirp/-/readdirp-3.6.0.tgz 2605ms (cache miss)
1283 http fetch GET 200 https://registry.npmjs.org/safer-buffer/-/safer-buffer-2.1.2.tgz 2641ms (cache miss)
1284 http fetch GET 200 https://registry.npmjs.org/rimraf/-/rimraf-3.0.2.tgz 2638ms (cache miss)
1285 http fetch GET 200 https://registry.npmjs.org/serve-static/-/serve-static-2.2.0.tgz 2657ms (cache miss)
1286 http fetch GET 200 https://registry.npmjs.org/retry/-/retry-0.12.0.tgz 2666ms (cache miss)
1287 http fetch GET 200 https://registry.npmjs.org/@aws-sdk/signature-v4-multi-region/-/signature-v4-multi-region-3.996.15.tgz 2782ms (cache miss)
1288 http fetch GET 200 https://registry.npmjs.org/tar-stream/-/tar-stream-2.2.0.tgz 2727ms (cache miss)
1289 http fetch GET 200 https://registry.npmjs.org/promise-retry/-/promise-retry-2.0.1.tgz 2683ms (cache miss)
1290 http fetch GET 200 https://registry.npmjs.org/send/-/send-1.2.0.tgz 2710ms (cache miss)
1291 http fetch GET 200 https://registry.npmjs.org/proxy-from-env/-/proxy-from-env-1.1.0.tgz 2697ms (cache miss)
1292 http fetch GET 200 https://registry.npmjs.org/range-parser/-/range-parser-1.2.1.tgz 2706ms (cache miss)
1293 http fetch GET 200 https://registry.npmjs.org/pump/-/pump-3.0.3.tgz 2716ms (cache miss)
1294 http fetch GET 200 https://registry.npmjs.org/raw-body/-/raw-body-3.0.1.tgz 2718ms (cache miss)
1295 http fetch GET 200 https://registry.npmjs.org/random-bytes/-/random-bytes-1.0.0.tgz 2720ms (cache miss)
1296 http fetch GET 200 https://registry.npmjs.org/pstree.remy/-/pstree.remy-1.1.8.tgz 2732ms (cache miss)
1297 http fetch GET 200 https://registry.npmjs.org/rc/-/rc-1.2.8.tgz 2749ms (cache miss)
1298 http fetch GET 200 https://registry.npmjs.org/prebuild-install/-/prebuild-install-7.1.3.tgz 2776ms (cache miss)
1299 http fetch GET 200 https://registry.npmjs.org/path-is-absolute/-/path-is-absolute-1.0.1.tgz 2771ms (cache miss)
1300 http fetch GET 200 https://registry.npmjs.org/pause/-/pause-0.0.1.tgz 2774ms (cache miss)
1301 http fetch GET 200 https://registry.npmjs.org/promise-inflight/-/promise-inflight-1.0.1.tgz 2776ms (cache miss)
1302 http fetch GET 200 https://registry.npmjs.org/tr46/-/tr46-5.1.1.tgz 2855ms (cache miss)
1303 http fetch GET 200 https://registry.npmjs.org/proxy-addr/-/proxy-addr-2.0.7.tgz 2791ms (cache miss)
1304 http fetch GET 200 https://registry.npmjs.org/p-map/-/p-map-4.0.0.tgz 2796ms (cache miss)
1305 http fetch GET 200 https://registry.npmjs.org/passport-google-oauth20/-/passport-google-oauth20-2.0.0.tgz 2798ms (cache miss)
1306 http fetch GET 200 https://registry.npmjs.org/once/-/once-1.4.0.tgz 2796ms (cache miss)
1307 http fetch GET 200 https://registry.npmjs.org/punycode/-/punycode-2.3.1.tgz 2851ms (cache miss)
1308 http fetch GET 200 https://registry.npmjs.org/passport-strategy/-/passport-strategy-1.0.0.tgz 2844ms (cache miss)
1309 http fetch GET 200 https://registry.npmjs.org/parseurl/-/parseurl-1.3.3.tgz 2838ms (cache miss)
1310 http fetch GET 200 https://registry.npmjs.org/on-headers/-/on-headers-1.1.0.tgz 2832ms (cache miss)
1311 http fetch GET 200 https://registry.npmjs.org/passport-oauth2/-/passport-oauth2-1.8.0.tgz 2844ms (cache miss)
1312 warn deprecated rimraf@3.0.2: Rimraf versions prior to v4 are no longer supported
1313 http fetch GET 200 https://registry.npmjs.org/on-finished/-/on-finished-2.4.1.tgz 2836ms (cache miss)
1314 http fetch GET 200 https://registry.npmjs.org/normalize-path/-/normalize-path-3.0.0.tgz 2853ms (cache miss)
1315 http fetch GET 200 https://registry.npmjs.org/oauth/-/oauth-0.10.2.tgz 2855ms (cache miss)
1316 http fetch GET 200 https://registry.npmjs.org/nopt/-/nopt-5.0.0.tgz 2853ms (cache miss)
1317 http fetch GET 200 https://registry.npmjs.org/object-assign/-/object-assign-4.1.1.tgz 2911ms (cache miss)
1318 http fetch GET 200 https://registry.npmjs.org/@aws-sdk/credential-provider-sso/-/credential-provider-sso-3.972.28.tgz 3145ms (cache miss)
1319 http fetch GET 200 https://registry.npmjs.org/negotiator/-/negotiator-1.0.0.tgz 2924ms (cache miss)
1320 http fetch GET 200 https://registry.npmjs.org/npmlog/-/npmlog-6.0.2.tgz 2935ms (cache miss)
1321 http fetch GET 200 https://registry.npmjs.org/node-abi/-/node-abi-3.77.0.tgz 2929ms (cache miss)
1322 warn deprecated npmlog@6.0.2: This package is no longer supported.
1323 http fetch GET 200 https://registry.npmjs.org/router/-/router-2.2.0.tgz 3026ms (cache miss)
1324 http fetch GET 200 https://registry.npmjs.org/mkdirp-classic/-/mkdirp-classic-0.5.3.tgz 2968ms (cache miss)
1325 http fetch GET 200 https://registry.npmjs.org/ms/-/ms-2.1.3.tgz 2976ms (cache miss)
1326 http fetch GET 200 https://registry.npmjs.org/pg-connection-string/-/pg-connection-string-2.9.1.tgz 3022ms (cache miss)
1327 http fetch GET 200 https://registry.npmjs.org/minipass-flush/-/minipass-flush-1.0.5.tgz 3013ms (cache miss)
1328 http fetch GET 200 https://registry.npmjs.org/minipass-collect/-/minipass-collect-1.0.2.tgz 3009ms (cache miss)
1329 http fetch GET 200 https://registry.npmjs.org/minipass-pipeline/-/minipass-pipeline-1.2.4.tgz 3053ms (cache miss)
1330 http fetch GET 200 https://registry.npmjs.org/events/-/events-3.3.0.tgz 3355ms (cache miss)
1331 http fetch GET 200 https://registry.npmjs.org/memory-pager/-/memory-pager-1.5.0.tgz 3042ms (cache miss)
1332 http fetch GET 200 https://registry.npmjs.org/path-to-regexp/-/path-to-regexp-8.3.0.tgz 3120ms (cache miss)
1333 http fetch GET 200 https://registry.npmjs.org/mimic-response/-/mimic-response-3.1.0.tgz 3072ms (cache miss)
1334 http fetch GET 200 https://registry.npmjs.org/merge-descriptors/-/merge-descriptors-2.0.0.tgz 3064ms (cache miss)
1335 http fetch GET 200 https://registry.npmjs.org/math-intrinsics/-/math-intrinsics-1.1.0.tgz 3063ms (cache miss)
1336 http fetch GET 200 https://registry.npmjs.org/minizlib/-/minizlib-2.1.2.tgz 3095ms (cache miss)
1337 http fetch GET 200 https://registry.npmjs.org/minimist/-/minimist-1.2.8.tgz 3115ms (cache miss)
1338 http fetch GET 200 https://registry.npmjs.org/lodash.once/-/lodash.once-4.1.1.tgz 3107ms (cache miss)
1339 http fetch GET 200 https://registry.npmjs.org/lodash.isnumber/-/lodash.isnumber-3.0.3.tgz 3103ms (cache miss)
1340 http fetch GET 200 https://registry.npmjs.org/lodash.isplainobject/-/lodash.isplainobject-4.0.6.tgz 3108ms (cache miss)
1341 http fetch GET 200 https://registry.npmjs.org/napi-build-utils/-/napi-build-utils-2.0.0.tgz 3156ms (cache miss)
1342 http fetch GET 200 https://registry.npmjs.org/minipass/-/minipass-3.3.6.tgz 3139ms (cache miss)
1343 http fetch GET 200 https://registry.npmjs.org/retry-as-promised/-/retry-as-promised-7.1.1.tgz 3211ms (cache miss)
1344 http fetch GET 200 https://registry.npmjs.org/minimatch/-/minimatch-3.1.2.tgz 3137ms (cache miss)
1345 http fetch GET 200 https://registry.npmjs.org/lru-cache/-/lru-cache-6.0.0.tgz 3130ms (cache miss)
1346 http fetch GET 200 https://registry.npmjs.org/lodash.includes/-/lodash.includes-4.3.0.tgz 3124ms (cache miss)
1347 http fetch GET 200 https://registry.npmjs.org/lodash.isstring/-/lodash.isstring-4.0.1.tgz 3149ms (cache miss)
1348 http fetch GET 200 https://registry.npmjs.org/is-glob/-/is-glob-4.0.3.tgz 3128ms (cache miss)
1349 http fetch GET 200 https://registry.npmjs.org/is-lambda/-/is-lambda-1.0.1.tgz 3142ms (cache miss)
1350 http fetch GET 200 https://registry.npmjs.org/media-typer/-/media-typer-1.1.0.tgz 3156ms (cache miss)
1351 http fetch GET 200 https://registry.npmjs.org/lodash.isinteger/-/lodash.isinteger-4.0.4.tgz 3171ms (cache miss)
1352 http fetch GET 200 https://registry.npmjs.org/jwa/-/jwa-1.4.2.tgz 3165ms (cache miss)
1353 http fetch GET 200 https://registry.npmjs.org/lodash.isboolean/-/lodash.isboolean-3.0.3.tgz 3170ms (cache miss)
1354 http fetch GET 200 https://registry.npmjs.org/is-fullwidth-code-point/-/is-fullwidth-code-point-3.0.0.tgz 3147ms (cache miss)
1355 http fetch GET 200 https://registry.npmjs.org/is-promise/-/is-promise-4.0.0.tgz 3151ms (cache miss)
1356 http fetch GET 200 https://registry.npmjs.org/isexe/-/isexe-2.0.0.tgz 3179ms (cache miss)
1357 http fetch GET 200 https://registry.npmjs.org/jws/-/jws-3.2.2.tgz 3189ms (cache miss)
1358 http fetch GET 200 https://registry.npmjs.org/ipaddr.js/-/ipaddr.js-1.9.1.tgz 3163ms (cache miss)
1359 http fetch GET 200 https://registry.npmjs.org/inherits/-/inherits-2.0.4.tgz 3163ms (cache miss)
1360 http fetch GET 200 https://registry.npmjs.org/is-extglob/-/is-extglob-2.1.1.tgz 3165ms (cache miss)
1361 http fetch GET 200 https://registry.npmjs.org/is-number/-/is-number-7.0.0.tgz 3177ms (cache miss)
1362 http fetch GET 200 https://registry.npmjs.org/mime-types/-/mime-types-3.0.1.tgz 3220ms (cache miss)
1363 http fetch GET 200 https://registry.npmjs.org/is-binary-path/-/is-binary-path-2.1.0.tgz 3191ms (cache miss)
1364 http fetch GET 200 https://registry.npmjs.org/infer-owner/-/infer-owner-1.0.4.tgz 3181ms (cache miss)
1365 http fetch GET 200 https://registry.npmjs.org/inflight/-/inflight-1.0.6.tgz 3182ms (cache miss)
1366 http fetch GET 200 https://registry.npmjs.org/ieee754/-/ieee754-1.2.1.tgz 3178ms (cache miss)
1367 http fetch GET 200 https://registry.npmjs.org/ini/-/ini-1.3.8.tgz 3190ms (cache miss)
1368 http fetch GET 200 https://registry.npmjs.org/imurmurhash/-/imurmurhash-0.1.4.tgz 3183ms (cache miss)
1369 http fetch GET 200 https://registry.npmjs.org/ignore-by-default/-/ignore-by-default-1.0.1.tgz 3201ms (cache miss)
1370 http fetch GET 200 https://registry.npmjs.org/unique-filename/-/unique-filename-1.1.1.tgz 3407ms (cache miss)
1371 http fetch GET 200 https://registry.npmjs.org/@smithy/util-retry/-/util-retry-4.3.0.tgz 3511ms (cache miss)
1372 http fetch GET 200 https://registry.npmjs.org/http-proxy-agent/-/http-proxy-agent-4.0.1.tgz 3214ms (cache miss)
1373 http fetch GET 200 https://registry.npmjs.org/https-proxy-agent/-/https-proxy-agent-5.0.1.tgz 3211ms (cache miss)
1374 http fetch GET 200 https://registry.npmjs.org/http-errors/-/http-errors-2.0.0.tgz 3213ms (cache miss)
1375 http fetch GET 200 https://registry.npmjs.org/humanize-ms/-/humanize-ms-1.2.1.tgz 3217ms (cache miss)
1376 warn deprecated inflight@1.0.6: This module is not supported, and leaks memory. Do not use it. Check out lru-cache if you want a good and tested way to coalesce async requests by a key value, which is much more comprehensive and powerful.
1377 http fetch GET 200 https://registry.npmjs.org/has-unicode/-/has-unicode-2.0.1.tgz 3213ms (cache miss)
1378 http fetch GET 200 https://registry.npmjs.org/@aws-sdk/xml-builder/-/xml-builder-3.972.16.tgz 3560ms (cache miss)
1379 http fetch GET 200 https://registry.npmjs.org/gopd/-/gopd-1.2.0.tgz 3232ms (cache miss)
1380 http fetch GET 200 https://registry.npmjs.org/has-symbols/-/has-symbols-1.1.0.tgz 3239ms (cache miss)
1381 http fetch GET 200 https://registry.npmjs.org/github-from-package/-/github-from-package-0.0.0.tgz 3265ms (cache miss)
1382 http fetch GET 200 https://registry.npmjs.org/whatwg-url/-/whatwg-url-14.2.0.tgz 3502ms (cache miss)
1383 http fetch GET 200 https://registry.npmjs.org/indent-string/-/indent-string-4.0.0.tgz 3303ms (cache miss)
1384 http fetch GET 200 https://registry.npmjs.org/hasown/-/hasown-2.0.2.tgz 3293ms (cache miss)
1385 http fetch GET 200 https://registry.npmjs.org/fs-minipass/-/fs-minipass-2.1.0.tgz 3303ms (cache miss)
1386 http fetch GET 200 https://registry.npmjs.org/forwarded/-/forwarded-0.2.0.tgz 3295ms (cache miss)
1387 http fetch GET 200 https://registry.npmjs.org/fs-constants/-/fs-constants-1.0.0.tgz 3300ms (cache miss)
1388 http fetch GET 200 https://registry.npmjs.org/http-cache-semantics/-/http-cache-semantics-4.2.0.tgz 3321ms (cache miss)
1389 http fetch GET 200 https://registry.npmjs.org/gauge/-/gauge-4.0.4.tgz 3359ms (cache miss)
1390 http fetch GET 200 https://registry.npmjs.org/finalhandler/-/finalhandler-2.1.0.tgz 3353ms (cache miss)
1391 http fetch GET 200 https://registry.npmjs.org/fill-range/-/fill-range-7.1.1.tgz 3351ms (cache miss)
1392 http fetch GET 200 https://registry.npmjs.org/has-flag/-/has-flag-3.0.0.tgz 3383ms (cache miss)
1393 http fetch GET 200 https://registry.npmjs.org/picomatch/-/picomatch-2.3.1.tgz 3519ms (cache miss)
1394 http fetch GET 200 https://registry.npmjs.org/file-uri-to-path/-/file-uri-to-path-1.0.0.tgz 3368ms (cache miss)
1395 http fetch GET 200 https://registry.npmjs.org/get-intrinsic/-/get-intrinsic-1.3.0.tgz 3381ms (cache miss)
1396 http fetch GET 200 https://registry.npmjs.org/fs.realpath/-/fs.realpath-1.0.0.tgz 3384ms (cache miss)
1397 http fetch GET 200 https://registry.npmjs.org/fresh/-/fresh-2.0.0.tgz 3380ms (cache miss)
1398 http fetch GET 200 https://registry.npmjs.org/function-bind/-/function-bind-1.1.2.tgz 3381ms (cache miss)
1399 http fetch GET 200 https://registry.npmjs.org/@smithy/util-base64/-/util-base64-4.3.2.tgz 3709ms (cache miss)
1400 http fetch GET 200 https://registry.npmjs.org/es-object-atoms/-/es-object-atoms-1.1.1.tgz 3378ms (cache miss)
1401 http fetch GET 200 https://registry.npmjs.org/expand-template/-/expand-template-2.0.3.tgz 3383ms (cache miss)
1402 http fetch GET 200 https://registry.npmjs.org/graceful-fs/-/graceful-fs-4.2.11.tgz 3424ms (cache miss)
1403 http fetch GET 200 https://registry.npmjs.org/glob-parent/-/glob-parent-5.1.2.tgz 3427ms (cache miss)
1404 http fetch GET 200 https://registry.npmjs.org/minipass-sized/-/minipass-sized-1.0.3.tgz 3524ms (cache miss)
1405 http fetch GET 200 https://registry.npmjs.org/end-of-stream/-/end-of-stream-1.4.5.tgz 3435ms (cache miss)
1406 http fetch GET 200 https://registry.npmjs.org/env-paths/-/env-paths-2.2.1.tgz 3438ms (cache miss)
1407 http fetch GET 200 https://registry.npmjs.org/etag/-/etag-1.8.1.tgz 3445ms (cache miss)
1408 http fetch GET 200 https://registry.npmjs.org/encoding/-/encoding-0.1.13.tgz 3442ms (cache miss)
1409 http fetch GET 200 https://registry.npmjs.org/err-code/-/err-code-2.0.3.tgz 3442ms (cache miss)
1410 http fetch GET 200 https://registry.npmjs.org/emoji-regex/-/emoji-regex-8.0.0.tgz 3446ms (cache miss)
1411 http fetch GET 200 https://registry.npmjs.org/smart-buffer/-/smart-buffer-4.2.0.tgz 3671ms (cache miss)
1412 http fetch GET 200 https://registry.npmjs.org/es-set-tostringtag/-/es-set-tostringtag-2.1.0.tgz 3461ms (cache miss)
1413 http fetch GET 200 https://registry.npmjs.org/kareem/-/kareem-2.6.3.tgz 3563ms (cache miss)
1414 http fetch GET 200 https://registry.npmjs.org/escape-html/-/escape-html-1.0.3.tgz 3475ms (cache miss)
1415 http fetch GET 200 https://registry.npmjs.org/simple-update-notifier/-/simple-update-notifier-2.0.0.tgz 3697ms (cache miss)
1416 http fetch GET 200 https://registry.npmjs.org/mongodb-connection-string-url/-/mongodb-connection-string-url-3.0.2.tgz 3648ms (cache miss)
1417 http fetch GET 200 https://registry.npmjs.org/mime-db/-/mime-db-1.54.0.tgz 3636ms (cache miss)
1418 http fetch GET 200 https://registry.npmjs.org/glob/-/glob-7.2.3.tgz 3598ms (cache miss)
1419 http fetch GET 200 https://registry.npmjs.org/encodeurl/-/encodeurl-2.0.0.tgz 3567ms (cache miss)
1420 http fetch GET 200 https://registry.npmjs.org/decompress-response/-/decompress-response-6.0.0.tgz 3556ms (cache miss)
1421 http fetch GET 200 https://registry.npmjs.org/depd/-/depd-2.0.0.tgz 3565ms (cache miss)
1422 http fetch GET 200 https://registry.npmjs.org/inflection/-/inflection-1.13.4.tgz 3635ms (cache miss)
1423 http fetch GET 200 https://registry.npmjs.org/detect-libc/-/detect-libc-2.0.4.tgz 3564ms (cache miss)
1424 http fetch GET 200 https://registry.npmjs.org/delayed-stream/-/delayed-stream-1.0.0.tgz 3562ms (cache miss)
1425 http fetch GET 200 https://registry.npmjs.org/dunder-proto/-/dunder-proto-1.0.1.tgz 3586ms (cache miss)
1426 http fetch GET 200 https://registry.npmjs.org/dottie/-/dottie-2.0.6.tgz 3591ms (cache miss)
1427 http fetch GET 200 https://registry.npmjs.org/deep-extend/-/deep-extend-0.6.0.tgz 3583ms (cache miss)
1428 http fetch GET 200 https://registry.npmjs.org/cors/-/cors-2.8.5.tgz 3581ms (cache miss)
1429 http fetch GET 200 https://registry.npmjs.org/ee-first/-/ee-first-1.1.1.tgz 3598ms (cache miss)
1430 warn deprecated glob@7.2.3: Glob versions prior to v9 are no longer supported
1431 http fetch GET 200 https://registry.npmjs.org/delegates/-/delegates-1.0.0.tgz 3620ms (cache miss)
1432 http fetch GET 200 https://registry.npmjs.org/follow-redirects/-/follow-redirects-1.15.11.tgz 3673ms (cache miss)
1433 http fetch GET 200 https://registry.npmjs.org/combined-stream/-/combined-stream-1.0.8.tgz 3642ms (cache miss)
1434 http fetch GET 200 https://registry.npmjs.org/concat-stream/-/concat-stream-2.0.0.tgz 3645ms (cache miss)
1435 http fetch GET 200 https://registry.npmjs.org/content-type/-/content-type-1.0.5.tgz 3645ms (cache miss)
1436 http fetch GET 200 https://registry.npmjs.org/cookie-signature/-/cookie-signature-1.2.2.tgz 3649ms (cache miss)
1437 http fetch GET 200 https://registry.npmjs.org/console-control-strings/-/console-control-strings-1.1.0.tgz 3649ms (cache miss)
1438 http fetch GET 200 https://registry.npmjs.org/concat-map/-/concat-map-0.0.1.tgz 3648ms (cache miss)
1439 http fetch GET 200 https://registry.npmjs.org/chownr/-/chownr-2.0.0.tgz 3676ms (cache miss)
1440 http fetch GET 200 https://registry.npmjs.org/call-bind-apply-helpers/-/call-bind-apply-helpers-1.0.2.tgz 3669ms (cache miss)
1441 http fetch GET 200 https://registry.npmjs.org/bytes/-/bytes-3.1.2.tgz 3667ms (cache miss)
1442 http fetch GET 200 https://registry.npmjs.org/buffer-equal-constant-time/-/buffer-equal-constant-time-1.0.1.tgz 3663ms (cache miss)
1443 http fetch GET 200 https://registry.npmjs.org/clean-stack/-/clean-stack-2.2.0.tgz 3678ms (cache miss)
1444 http fetch GET 200 https://registry.npmjs.org/bl/-/bl-4.1.0.tgz 3661ms (cache miss)
1445 http fetch GET 200 https://registry.npmjs.org/buffer-from/-/buffer-from-1.1.2.tgz 3661ms (cache miss)
1446 http fetch GET 200 https://registry.npmjs.org/brace-expansion/-/brace-expansion-1.1.12.tgz 3668ms (cache miss)
1447 http fetch GET 200 https://registry.npmjs.org/content-disposition/-/content-disposition-1.0.0.tgz 3698ms (cache miss)
1448 http fetch GET 200 https://registry.npmjs.org/color-support/-/color-support-1.1.3.tgz 3693ms (cache miss)
1449 http fetch GET 200 https://registry.npmjs.org/@aws-sdk/credential-provider-ini/-/credential-provider-ini-3.972.28.tgz 4113ms (cache miss)
1450 http fetch GET 200 https://registry.npmjs.org/base64url/-/base64url-3.0.1.tgz 3689ms (cache miss)
1451 http fetch GET 200 https://registry.npmjs.org/bindings/-/bindings-1.5.0.tgz 3699ms (cache miss)
1452 http fetch GET 200 https://registry.npmjs.org/call-bound/-/call-bound-1.0.4.tgz 3715ms (cache miss)
1453 http fetch GET 200 https://registry.npmjs.org/cookie/-/cookie-0.7.2.tgz 3744ms (cache miss)
1454 http fetch GET 200 https://registry.npmjs.org/ecdsa-sig-formatter/-/ecdsa-sig-formatter-1.0.11.tgz 3758ms (cache miss)
1455 http fetch GET 200 https://registry.npmjs.org/body-parser/-/body-parser-2.2.0.tgz 3717ms (cache miss)
1456 http fetch GET 200 https://registry.npmjs.org/aproba/-/aproba-2.1.0.tgz 3709ms (cache miss)
1457 http fetch GET 200 https://registry.npmjs.org/base64-js/-/base64-js-1.5.1.tgz 3714ms (cache miss)
1458 http fetch GET 200 https://registry.npmjs.org/binary-extensions/-/binary-extensions-2.3.0.tgz 3707ms (cache miss)
1459 http fetch GET 200 https://registry.npmjs.org/mpath/-/mpath-0.9.0.tgz 3911ms (cache miss)
1460 http fetch GET 200 https://registry.npmjs.org/are-we-there-yet/-/are-we-there-yet-3.0.1.tgz 3728ms (cache miss)
1461 http fetch GET 200 https://registry.npmjs.org/append-field/-/append-field-1.0.0.tgz 3723ms (cache miss)
1462 http fetch GET 200 https://registry.npmjs.org/anymatch/-/anymatch-3.1.3.tgz 3741ms (cache miss)
1463 http fetch GET 200 https://registry.npmjs.org/asynckit/-/asynckit-0.4.0.tgz 3746ms (cache miss)
1464 http fetch GET 200 https://registry.npmjs.org/@smithy/signature-v4/-/signature-v4-5.3.13.tgz 4183ms (cache miss)
1465 http fetch GET 200 https://registry.npmjs.org/braces/-/braces-3.0.3.tgz 3755ms (cache miss)
1466 http fetch GET 200 https://registry.npmjs.org/balanced-match/-/balanced-match-1.0.2.tgz 3773ms (cache miss)
1467 http fetch GET 200 https://registry.npmjs.org/@types/whatwg-url/-/whatwg-url-11.0.5.tgz 3768ms (cache miss)
1468 http fetch GET 200 https://registry.npmjs.org/wkx/-/wkx-0.5.0.tgz 4126ms (cache miss)
1469 http fetch GET 200 https://registry.npmjs.org/form-data/-/form-data-4.0.4.tgz 3873ms (cache miss)
1470 http fetch GET 200 https://registry.npmjs.org/aggregate-error/-/aggregate-error-3.1.0.tgz 3793ms (cache miss)
1471 http fetch GET 200 https://registry.npmjs.org/agentkeepalive/-/agentkeepalive-4.6.0.tgz 3792ms (cache miss)
1472 http fetch GET 200 https://registry.npmjs.org/abbrev/-/abbrev-1.1.1.tgz 3785ms (cache miss)
1473 http fetch GET 200 https://registry.npmjs.org/@types/debug/-/debug-4.1.12.tgz 3782ms (cache miss)
1474 http fetch GET 200 https://registry.npmjs.org/accepts/-/accepts-2.0.0.tgz 3799ms (cache miss)
1475 http fetch GET 200 https://registry.npmjs.org/minipass-fetch/-/minipass-fetch-1.4.1.tgz 3995ms (cache miss)
1476 http fetch GET 200 https://registry.npmjs.org/@types/webidl-conversions/-/webidl-conversions-7.0.3.tgz 3801ms (cache miss)
1477 http fetch GET 200 https://registry.npmjs.org/ansi-regex/-/ansi-regex-5.0.1.tgz 3815ms (cache miss)
1478 http fetch GET 200 https://registry.npmjs.org/@tootallnate/once/-/once-1.1.2.tgz 3801ms (cache miss)
1479 http fetch GET 200 https://registry.npmjs.org/@npmcli/move-file/-/move-file-1.1.2.tgz 3816ms (cache miss)
1480 http fetch GET 200 https://registry.npmjs.org/@types/ms/-/ms-2.1.0.tgz 3820ms (cache miss)
1481 http fetch GET 200 https://registry.npmjs.org/@gar/promisify/-/promisify-1.1.3.tgz 3824ms (cache miss)
1482 http fetch GET 200 https://registry.npmjs.org/@smithy/util-buffer-from/-/util-buffer-from-2.2.0.tgz 3836ms (cache miss)
1483 warn deprecated @npmcli/move-file@1.1.2: This functionality has been moved to @npmcli/fs
1484 http fetch GET 200 https://registry.npmjs.org/@smithy/is-array-buffer/-/is-array-buffer-2.2.0.tgz 3846ms (cache miss)
1485 http fetch GET 200 https://registry.npmjs.org/express-session/-/express-session-1.18.2.tgz 3957ms (cache miss)
1486 http fetch GET 200 https://registry.npmjs.org/mime-types/-/mime-types-2.1.35.tgz 3852ms (cache miss)
1487 http fetch GET 200 https://registry.npmjs.org/buffer/-/buffer-5.7.1.tgz 3921ms (cache miss)
1488 http fetch GET 200 https://registry.npmjs.org/chownr/-/chownr-1.1.4.tgz 3865ms (cache miss)
1489 http fetch GET 200 https://registry.npmjs.org/media-typer/-/media-typer-0.3.0.tgz 3863ms (cache miss)
1490 http fetch GET 200 https://registry.npmjs.org/statuses/-/statuses-2.0.1.tgz 3873ms (cache miss)
1491 http fetch GET 200 https://registry.npmjs.org/@aws-sdk/middleware-bucket-endpoint/-/middleware-bucket-endpoint-3.972.8.tgz 4272ms (cache miss)
1492 http fetch GET 200 https://registry.npmjs.org/debug/-/debug-4.4.3.tgz 3967ms (cache miss)
1493 http fetch GET 200 https://registry.npmjs.org/@smithy/util-buffer-from/-/util-buffer-from-2.2.0.tgz 3895ms (cache miss)
1494 http fetch GET 200 https://registry.npmjs.org/@smithy/util-buffer-from/-/util-buffer-from-2.2.0.tgz 3898ms (cache miss)
1495 http fetch GET 200 https://registry.npmjs.org/mkdirp/-/mkdirp-1.0.4.tgz 3875ms (cache miss)
1496 http fetch GET 200 https://registry.npmjs.org/negotiator/-/negotiator-0.6.4.tgz 3874ms (cache miss)
1497 http fetch GET 200 https://registry.npmjs.org/@smithy/is-array-buffer/-/is-array-buffer-2.2.0.tgz 3901ms (cache miss)
1498 http fetch GET 200 https://registry.npmjs.org/type-is/-/type-is-1.6.18.tgz 3901ms (cache miss)
1499 http fetch GET 200 https://registry.npmjs.org/@smithy/util-utf8/-/util-utf8-2.3.0.tgz 3899ms (cache miss)
1500 http fetch GET 200 https://registry.npmjs.org/@smithy/util-utf8/-/util-utf8-2.3.0.tgz 3898ms (cache miss)
1501 http fetch GET 200 https://registry.npmjs.org/mime-types/-/mime-types-2.1.35.tgz 3887ms (cache miss)
1502 http fetch GET 200 https://registry.npmjs.org/mquery/-/mquery-5.0.0.tgz 4151ms (cache miss)
1503 http fetch GET 200 https://registry.npmjs.org/es-define-property/-/es-define-property-1.0.1.tgz 4023ms (cache miss)
1504 http fetch GET 200 https://registry.npmjs.org/cookie-signature/-/cookie-signature-1.0.7.tgz 3892ms (cache miss)
1505 http fetch GET 200 https://registry.npmjs.org/ms/-/ms-2.0.0.tgz 3890ms (cache miss)
1506 http fetch GET 200 https://registry.npmjs.org/@tootallnate%2fonce 3453ms (cache miss)
1507 silly packumentCache corgi:https://registry.npmjs.org/@tootallnate%2fonce set size:undefined disposed:false
1508 http fetch GET 200 https://registry.npmjs.org/mkdirp/-/mkdirp-1.0.4.tgz 3878ms (cache miss)
1509 http fetch GET 200 https://registry.npmjs.org/mkdirp/-/mkdirp-1.0.4.tgz 3932ms (cache miss)
1510 http fetch GET 200 https://registry.npmjs.org/jws 3482ms (cache miss)
1511 silly packumentCache corgi:https://registry.npmjs.org/jws set size:undefined disposed:false
1512 http fetch GET 200 https://registry.npmjs.org/chokidar/-/chokidar-3.6.0.tgz 4058ms (cache miss)
1513 warn deprecated are-we-there-yet@3.0.1: This package is no longer supported.
1514 http fetch GET 200 https://registry.npmjs.org/buffer/-/buffer-5.6.0.tgz 4015ms (cache miss)
1515 http fetch GET 200 https://registry.npmjs.org/make-fetch-happen/-/make-fetch-happen-9.1.0.tgz 4214ms (cache miss)
1516 http fetch GET 200 https://registry.npmjs.org/dottie 3515ms (cache miss)
1517 silly packumentCache corgi:https://registry.npmjs.org/dottie set size:undefined disposed:false
1518 http fetch GET 200 https://registry.npmjs.org/jsonwebtoken/-/jsonwebtoken-9.0.2.tgz 4201ms (cache miss)
1519 http fetch GET 200 https://registry.npmjs.org/picomatch 3511ms (cache miss)
1520 silly packumentCache corgi:https://registry.npmjs.org/picomatch set size:undefined disposed:false
1521 http fetch GET 200 https://registry.npmjs.org/minipass/-/minipass-5.0.0.tgz 4020ms (cache miss)
1522 http fetch GET 200 https://registry.npmjs.org/brace-expansion 3532ms (cache miss)
1523 silly packumentCache corgi:https://registry.npmjs.org/brace-expansion set size:undefined disposed:false
1524 http fetch GET 200 https://registry.npmjs.org/body-parser 3535ms (cache miss)
1525 silly packumentCache corgi:https://registry.npmjs.org/body-parser set size:undefined disposed:false
1526 http fetch GET 200 https://registry.npmjs.org/@smithy/is-array-buffer/-/is-array-buffer-2.2.0.tgz 4048ms (cache miss)
1527 http fetch GET 200 https://registry.npmjs.org/lodash 3544ms (cache miss)
1528 silly packumentCache corgi:https://registry.npmjs.org/lodash set size:undefined disposed:false
1529 http fetch GET 200 https://registry.npmjs.org/path-to-regexp 3551ms (cache miss)
1530 silly packumentCache corgi:https://registry.npmjs.org/path-to-regexp set size:undefined disposed:false
1531 http fetch GET 200 https://registry.npmjs.org/express/-/express-5.1.0.tgz 4176ms (cache miss)
1532 http fetch GET 200 https://registry.npmjs.org/get-proto/-/get-proto-1.0.1.tgz 4205ms (cache miss)
1533 http fetch GET 200 https://registry.npmjs.org/tar-fs 3561ms (cache miss)
1534 silly packumentCache corgi:https://registry.npmjs.org/tar-fs set size:undefined disposed:false
1535 http fetch GET 200 https://registry.npmjs.org/qs 3582ms (cache miss)
1536 silly packumentCache corgi:https://registry.npmjs.org/qs set size:undefined disposed:false
1537 http fetch GET 200 https://registry.npmjs.org/mime-db/-/mime-db-1.52.0.tgz 4108ms (cache miss)
1538 http fetch GET 200 https://registry.npmjs.org/minimatch 3607ms (cache miss)
1539 silly packumentCache corgi:https://registry.npmjs.org/minimatch set size:undefined disposed:false
1540 http fetch GET 200 https://registry.npmjs.org/has-tostringtag/-/has-tostringtag-1.0.2.tgz 4266ms (cache miss)
1541 http fetch GET 200 https://registry.npmjs.org/@aws-crypto/util/-/util-5.2.0.tgz 4591ms (cache miss)
1542 http fetch GET 200 https://registry.npmjs.org/qs/-/qs-6.14.0.tgz 4417ms (cache miss)
1543 http fetch GET 200 https://registry.npmjs.org/validator 3617ms (cache miss)
1544 silly packumentCache corgi:https://registry.npmjs.org/validator set size:undefined disposed:false
1545 http fetch GET 200 https://registry.npmjs.org/axios 3650ms (cache miss)
1546 silly packumentCache corgi:https://registry.npmjs.org/axios set size:undefined disposed:false
1547 http fetch GET 200 https://registry.npmjs.org/tar 3639ms (cache miss)
1548 silly packumentCache corgi:https://registry.npmjs.org/tar set size:undefined disposed:false
1549 http fetch GET 200 https://registry.npmjs.org/agent-base/-/agent-base-6.0.2.tgz 4182ms (cache miss)
1550 http fetch GET 200 https://registry.npmjs.org/dotenv/-/dotenv-17.2.2.tgz 4251ms (cache miss)
1551 http fetch GET 200 https://registry.npmjs.org/mime-db/-/mime-db-1.52.0.tgz 4154ms (cache miss)
1552 http fetch GET 200 https://registry.npmjs.org/bcryptjs/-/bcryptjs-3.0.2.tgz 4260ms (cache miss)
1553 http fetch GET 200 https://registry.npmjs.org/@smithy/credential-provider-imds/-/credential-provider-imds-4.2.13.tgz 4700ms (cache miss)
1554 http fetch GET 200 https://registry.npmjs.org/sift/-/sift-17.1.3.tgz 4554ms (cache miss)
1555 http fetch GET 200 https://registry.npmjs.org/nodemailer 3740ms (cache miss)
1556 silly packumentCache corgi:https://registry.npmjs.org/nodemailer set size:undefined disposed:false
1557 http fetch GET 200 https://registry.npmjs.org/readable-stream/-/readable-stream-3.6.2.tgz 4556ms (cache miss)
1558 http fetch GET 200 https://registry.npmjs.org/tar/-/tar-6.2.1.tgz 4612ms (cache miss)
1559 warn deprecated gauge@4.0.4: This package is no longer supported.
1560 http fetch GET 200 https://registry.npmjs.org/node-addon-api/-/node-addon-api-7.1.1.tgz 4535ms (cache miss)
1561 http fetch GET 200 https://registry.npmjs.org/@aws-sdk/lib-storage/-/lib-storage-3.1025.0.tgz 4813ms (cache miss)
1562 http fetch GET 200 https://registry.npmjs.org/@smithy/node-http-handler/-/node-http-handler-4.5.2.tgz 4764ms (cache miss)
1563 http fetch GET 200 https://registry.npmjs.org/passport/-/passport-0.7.0.tgz 4579ms (cache miss)
1564 http fetch GET 200 https://registry.npmjs.org/es-errors/-/es-errors-1.3.0.tgz 4499ms (cache miss)
1565 http fetch GET 200 https://registry.npmjs.org/debug/-/debug-2.6.9.tgz 4405ms (cache miss)
1566 http fetch GET 200 https://registry.npmjs.org/@aws-crypto/sha256-js/-/sha256-js-5.2.0.tgz 4852ms (cache miss)
1567 http fetch GET 200 https://registry.npmjs.org/cacache/-/cacache-15.3.0.tgz 4527ms (cache miss)
1568 http fetch GET 200 https://registry.npmjs.org/socks/-/socks-2.8.7.tgz 4812ms (cache miss)
1569 http fetch GET 200 https://registry.npmjs.org/busboy/-/busboy-1.6.0.tgz 4555ms (cache miss)
1570 http fetch GET 200 https://registry.npmjs.org/@npmcli/fs/-/fs-1.1.1.tgz 4540ms (cache miss)
1571 http fetch GET 200 https://registry.npmjs.org/@smithy/smithy-client/-/smithy-client-4.12.9.tgz 4971ms (cache miss)
1572 http fetch GET 200 https://registry.npmjs.org/undici-types/-/undici-types-7.11.0.tgz 4892ms (cache miss)
1573 http fetch GET 200 https://registry.npmjs.org/object-inspect/-/object-inspect-1.13.4.tgz 4802ms (cache miss)
1574 http fetch GET 200 https://registry.npmjs.org/xmlbuilder/-/xmlbuilder-13.0.2.tgz 4954ms (cache miss)
1575 http fetch GET 200 https://registry.npmjs.org/@smithy/util-stream/-/util-stream-4.5.22.tgz 5033ms (cache miss)
1576 http fetch GET 200 https://registry.npmjs.org/@smithy/util-utf8/-/util-utf8-2.3.0.tgz 4593ms (cache miss)
1577 http fetch GET 200 https://registry.npmjs.org/sequelize 4088ms (cache miss)
1578 silly packumentCache corgi:https://registry.npmjs.org/sequelize set size:undefined disposed:false
1579 http fetch GET 200 https://registry.npmjs.org/@smithy/config-resolver/-/config-resolver-4.4.14.tgz 5047ms (cache miss)
1580 silly packumentCache corgi:https://registry.npmjs.org/http-proxy-agent cache-miss
1581 http fetch GET 200 https://registry.npmjs.org/iconv-lite/-/iconv-lite-0.6.3.tgz 4835ms (cache miss)
1582 http fetch GET 200 https://registry.npmjs.org/iconv-lite/-/iconv-lite-0.7.0.tgz 4704ms (cache miss)
1583 http fetch GET 200 https://registry.npmjs.org/fast-xml-parser/-/fast-xml-parser-5.5.8.tgz 5230ms (cache miss)
1584 http fetch GET 200 https://registry.npmjs.org/nodemon/-/nodemon-3.1.10.tgz 4984ms (cache miss)
1585 http fetch GET 200 https://registry.npmjs.org/semver/-/semver-7.7.2.tgz 5042ms (cache miss)
1586 http fetch GET 200 https://registry.npmjs.org/ip-address/-/ip-address-10.0.1.tgz 4982ms (cache miss)
1587 http fetch GET 200 https://registry.npmjs.org/@aws-sdk/middleware-sdk-s3/-/middleware-sdk-s3-3.972.27.tgz 5241ms (cache miss)
1588 http fetch GET 200 https://registry.npmjs.org/http-proxy-agent 173ms (cache miss)
1589 silly packumentCache corgi:https://registry.npmjs.org/http-proxy-agent set size:undefined disposed:false
1590 http fetch GET 200 https://registry.npmjs.org/uuid/-/uuid-8.3.2.tgz 5219ms (cache miss)
1591 http fetch GET 200 https://registry.npmjs.org/@mongodb-js/saslprep/-/saslprep-1.3.0.tgz 4875ms (cache miss)
1592 silly packumentCache corgi:https://registry.npmjs.org/twilio cache-miss
1593 http fetch GET 200 https://registry.npmjs.org/sqlite3/-/sqlite3-5.1.7.tgz 5242ms (cache miss)
1594 http fetch GET 200 https://registry.npmjs.org/nodemailer/-/nodemailer-7.0.6.tgz 5167ms (cache miss)
1595 http fetch GET 200 https://registry.npmjs.org/moment-timezone/-/moment-timezone-0.5.48.tgz 5156ms (cache miss)
1596 http fetch GET 200 https://registry.npmjs.org/@aws-sdk/middleware-flexible-checksums/-/middleware-flexible-checksums-3.974.6.tgz 5366ms (cache miss)
1597 http fetch GET 200 https://registry.npmjs.org/@smithy/util-endpoints/-/util-endpoints-3.3.4.tgz 5482ms (cache miss)
1598 http fetch GET 200 https://registry.npmjs.org/@aws-sdk/types/-/types-3.973.6.tgz 5670ms (cache miss)
1599 http fetch GET 200 https://registry.npmjs.org/bson/-/bson-6.10.4.tgz 5388ms (cache miss)
1600 http fetch GET 200 https://registry.npmjs.org/twilio 488ms (cache miss)
1601 silly packumentCache corgi:https://registry.npmjs.org/twilio set size:undefined disposed:false
1602 silly packumentCache corgi:https://registry.npmjs.org/express cache-miss
1603 http fetch GET 200 https://registry.npmjs.org/@smithy/types/-/types-4.14.0.tgz 5984ms (cache miss)
1604 http fetch GET 200 https://registry.npmjs.org/express 161ms (cache miss)
1605 silly packumentCache corgi:https://registry.npmjs.org/express set size:undefined disposed:false
1606 http fetch GET 200 https://registry.npmjs.org/@types/node/-/node-24.4.0.tgz 5621ms (cache miss)
1607 http fetch GET 200 https://registry.npmjs.org/axios/-/axios-1.12.2.tgz 5658ms (cache miss)
1608 http fetch GET 200 https://registry.npmjs.org/node-cron/-/node-cron-4.2.1.tgz 5876ms (cache miss)
1609 silly packumentCache corgi:https://registry.npmjs.org/jsonwebtoken cache-miss
1610 http fetch GET 200 https://registry.npmjs.org/jsonwebtoken 105ms (cache miss)
1611 silly packumentCache corgi:https://registry.npmjs.org/jsonwebtoken set size:undefined disposed:false
1612 silly packumentCache corgi:https://registry.npmjs.org/glob cache-miss
1613 silly packumentCache corgi:https://registry.npmjs.org/nodemon cache-miss
1614 http fetch GET 200 https://registry.npmjs.org/node-gyp/-/node-gyp-8.4.1.tgz 6131ms (cache miss)
1615 http fetch GET 200 https://registry.npmjs.org/nodemon 126ms (cache miss)
1616 silly packumentCache corgi:https://registry.npmjs.org/nodemon set size:undefined disposed:false
1617 http fetch GET 200 https://registry.npmjs.org/glob 150ms (cache miss)
1618 silly packumentCache corgi:https://registry.npmjs.org/glob set size:undefined disposed:false
1619 silly packumentCache corgi:https://registry.npmjs.org/router cache-miss
1620 http fetch GET 200 https://registry.npmjs.org/router 94ms (cache miss)
1621 silly packumentCache corgi:https://registry.npmjs.org/router set size:undefined disposed:false
1622 http fetch GET 200 https://registry.npmjs.org/@aws-sdk/core/-/core-3.973.26.tgz 6546ms (cache miss)
1623 http fetch GET 200 https://registry.npmjs.org/@types/validator/-/validator-13.15.3.tgz 6185ms (cache miss)
1624 http fetch GET 200 https://registry.npmjs.org/@smithy/core/-/core-3.23.14.tgz 6573ms (cache miss)
1625 silly packumentCache corgi:https://registry.npmjs.org/anymatch cache-miss
1626 silly packumentCache corgi:https://registry.npmjs.org/readdirp cache-miss
1627 http fetch GET 200 https://registry.npmjs.org/validator/-/validator-13.15.15.tgz 6599ms (cache miss)
1628 http fetch GET 200 https://registry.npmjs.org/anymatch 113ms (cache miss)
1629 silly packumentCache corgi:https://registry.npmjs.org/anymatch set size:undefined disposed:false
1630 http fetch GET 200 https://registry.npmjs.org/readdirp 114ms (cache miss)
1631 silly packumentCache corgi:https://registry.npmjs.org/readdirp set size:undefined disposed:false
1632 silly packumentCache corgi:https://registry.npmjs.org/cacache cache-miss
1633 silly packumentCache corgi:https://registry.npmjs.org/node-gyp cache-miss
1634 silly packumentCache corgi:https://registry.npmjs.org/sqlite3 cache-miss
1635 http fetch GET 200 https://registry.npmjs.org/sqlite3 210ms (cache miss)
1636 silly packumentCache corgi:https://registry.npmjs.org/sqlite3 set size:undefined disposed:false
1637 http fetch GET 200 https://registry.npmjs.org/cacache 221ms (cache miss)
1638 silly packumentCache corgi:https://registry.npmjs.org/cacache set size:undefined disposed:false
1639 http fetch GET 200 https://registry.npmjs.org/node-gyp 232ms (cache miss)
1640 silly packumentCache corgi:https://registry.npmjs.org/node-gyp set size:undefined disposed:false
1641 silly packumentCache corgi:https://registry.npmjs.org/prebuild-install cache-miss
1642 http fetch GET 200 https://registry.npmjs.org/prebuild-install 152ms (cache miss)
1643 silly packumentCache corgi:https://registry.npmjs.org/prebuild-install set size:undefined disposed:false
1644 http fetch GET 200 https://registry.npmjs.org/mongoose/-/mongoose-8.18.1.tgz 7026ms (cache miss)
1645 silly packumentCache corgi:https://registry.npmjs.org/make-fetch-happen cache-miss
1646 http fetch GET 200 https://registry.npmjs.org/sequelize/-/sequelize-6.37.7.tgz 7146ms (cache miss)
1647 http fetch GET 200 https://registry.npmjs.org/make-fetch-happen 109ms (cache miss)
1648 silly packumentCache corgi:https://registry.npmjs.org/make-fetch-happen set size:undefined disposed:false
1649 http fetch GET 200 https://registry.npmjs.org/dayjs/-/dayjs-1.11.18.tgz 7313ms (cache miss)
1650 http fetch GET 200 https://registry.npmjs.org/@aws-sdk/client-s3/-/client-s3-3.1025.0.tgz 7634ms (cache miss)
1651 http fetch GET 200 https://registry.npmjs.org/typescript/-/typescript-5.9.2.tgz 7624ms (cache miss)
1652 http fetch GET 200 https://registry.npmjs.org/mongodb/-/mongodb-6.18.0.tgz 7516ms (cache miss)
1653 http fetch GET 200 https://registry.npmjs.org/@aws-sdk/nested-clients/-/nested-clients-3.996.18.tgz 7848ms (cache miss)
1654 http fetch GET 200 https://registry.npmjs.org/moment/-/moment-2.30.1.tgz 7767ms (cache miss)
1655 http fetch GET 200 https://registry.npmjs.org/lodash/-/lodash-4.17.21.tgz 8351ms (cache miss)
1656 http fetch GET 200 https://registry.npmjs.org/twilio/-/twilio-5.9.0.tgz 10522ms (cache miss)
1657 info run sqlite3@5.1.7 install node_modules/sqlite3 prebuild-install -r napi || node-gyp rebuild
1658 info run sqlite3@5.1.7 install { code: 0, signal: null }
1659 silly ADD node_modules/queue-microtask
1660 silly ADD node_modules/stream-browserify
1661 silly ADD node_modules/events
1662 silly ADD node_modules/run-parallel
1663 silly ADD node_modules/html-comment-regex
1664 silly ADD node_modules/file-type
1665 silly ADD node_modules/@aws-sdk/lib-storage
1666 silly ADD node_modules/@aws-sdk/lib-storage/node_modules/buffer
1667 silly ADD node_modules/strnum
1668 silly ADD node_modules/path-expression-matcher
1669 silly ADD node_modules/fast-xml-builder
1670 silly ADD node_modules/@smithy/querystring-parser
1671 silly ADD node_modules/@smithy/util-uri-escape
1672 silly ADD node_modules/@smithy/service-error-classification
1673 silly ADD node_modules/@smithy/util-buffer-from
1674 silly ADD node_modules/@smithy/chunked-blob-reader-native
1675 silly ADD node_modules/@smithy/chunked-blob-reader
1676 silly ADD node_modules/@smithy/querystring-builder
1677 silly ADD node_modules/@smithy/util-hex-encoding
1678 silly ADD node_modules/@smithy/eventstream-codec
1679 silly ADD node_modules/@smithy/eventstream-serde-universal
1680 silly ADD node_modules/@smithy/uuid
1681 silly ADD node_modules/fast-xml-parser
1682 silly ADD node_modules/bowser
1683 silly ADD node_modules/@aws/lambda-invoke-store
1684 silly ADD node_modules/@smithy/is-array-buffer
1685 silly ADD node_modules/@aws-sdk/crc64-nvme
1686 silly ADD node_modules/@aws-crypto/crc32c
1687 silly ADD node_modules/@aws-crypto/crc32
1688 silly ADD node_modules/@smithy/util-config-provider
1689 silly ADD node_modules/@aws-sdk/util-arn-parser
1690 silly ADD node_modules/@aws-sdk/token-providers
1691 silly ADD node_modules/@aws-sdk/nested-clients
1692 silly ADD node_modules/@aws-sdk/credential-provider-login
1693 silly ADD node_modules/@smithy/shared-ini-file-loader
1694 silly ADD node_modules/@smithy/credential-provider-imds
1695 silly ADD node_modules/@aws-sdk/credential-provider-web-identity
1696 silly ADD node_modules/@aws-sdk/credential-provider-sso
1697 silly ADD node_modules/@aws-sdk/credential-provider-process
1698 silly ADD node_modules/@aws-sdk/credential-provider-ini
1699 silly ADD node_modules/@aws-sdk/credential-provider-http
1700 silly ADD node_modules/@aws-sdk/credential-provider-env
1701 silly ADD node_modules/@smithy/signature-v4
1702 silly ADD node_modules/@smithy/property-provider
1703 silly ADD node_modules/@aws-sdk/xml-builder
1704 silly ADD node_modules/@aws-sdk/util-locate-window
1705 silly ADD node_modules/@aws-crypto/util
1706 silly ADD node_modules/@aws-crypto/util/node_modules/@smithy/is-array-buffer
1707 silly ADD node_modules/@aws-crypto/util/node_modules/@smithy/util-buffer-from
1708 silly ADD node_modules/@aws-crypto/util/node_modules/@smithy/util-utf8
1709 silly ADD node_modules/@aws-crypto/supports-web-crypto
1710 silly ADD node_modules/tslib
1711 silly ADD node_modules/@smithy/util-waiter
1712 silly ADD node_modules/@smithy/util-utf8
1713 silly ADD node_modules/@smithy/util-stream
1714 silly ADD node_modules/@smithy/util-retry
1715 silly ADD node_modules/@smithy/util-middleware
1716 silly ADD node_modules/@smithy/util-endpoints
1717 silly ADD node_modules/@smithy/util-defaults-mode-node
1718 silly ADD node_modules/@smithy/util-defaults-mode-browser
1719 silly ADD node_modules/@smithy/util-body-length-node
1720 silly ADD node_modules/@smithy/util-body-length-browser
1721 silly ADD node_modules/@smithy/util-base64
1722 silly ADD node_modules/@smithy/url-parser
1723 silly ADD node_modules/@smithy/types
1724 silly ADD node_modules/@smithy/smithy-client
1725 silly ADD node_modules/@smithy/protocol-http
1726 silly ADD node_modules/@smithy/node-http-handler
1727 silly ADD node_modules/@smithy/node-config-provider
1728 silly ADD node_modules/@smithy/middleware-stack
1729 silly ADD node_modules/@smithy/middleware-serde
1730 silly ADD node_modules/@smithy/middleware-retry
1731 silly ADD node_modules/@smithy/middleware-endpoint
1732 silly ADD node_modules/@smithy/middleware-content-length
1733 silly ADD node_modules/@smithy/md5-js
1734 silly ADD node_modules/@smithy/invalid-dependency
1735 silly ADD node_modules/@smithy/hash-stream-node
1736 silly ADD node_modules/@smithy/hash-node
1737 silly ADD node_modules/@smithy/hash-blob-browser
1738 silly ADD node_modules/@smithy/fetch-http-handler
1739 silly ADD node_modules/@smithy/eventstream-serde-node
1740 silly ADD node_modules/@smithy/eventstream-serde-config-resolver
1741 silly ADD node_modules/@smithy/eventstream-serde-browser
1742 silly ADD node_modules/@smithy/core
1743 silly ADD node_modules/@smithy/config-resolver
1744 silly ADD node_modules/@aws-sdk/util-user-agent-node
1745 silly ADD node_modules/@aws-sdk/util-user-agent-browser
1746 silly ADD node_modules/@aws-sdk/util-endpoints
1747 silly ADD node_modules/@aws-sdk/types
1748 silly ADD node_modules/@aws-sdk/signature-v4-multi-region
1749 silly ADD node_modules/@aws-sdk/region-config-resolver
1750 silly ADD node_modules/@aws-sdk/middleware-user-agent
1751 silly ADD node_modules/@aws-sdk/middleware-ssec
1752 silly ADD node_modules/@aws-sdk/middleware-sdk-s3
1753 silly ADD node_modules/@aws-sdk/middleware-recursion-detection
1754 silly ADD node_modules/@aws-sdk/middleware-logger
1755 silly ADD node_modules/@aws-sdk/middleware-location-constraint
1756 silly ADD node_modules/@aws-sdk/middleware-host-header
1757 silly ADD node_modules/@aws-sdk/middleware-flexible-checksums
1758 silly ADD node_modules/@aws-sdk/middleware-expect-continue
1759 silly ADD node_modules/@aws-sdk/middleware-bucket-endpoint
1760 silly ADD node_modules/@aws-sdk/credential-provider-node
1761 silly ADD node_modules/@aws-sdk/core
1762 silly ADD node_modules/@aws-crypto/sha256-js
1763 silly ADD node_modules/@aws-crypto/sha256-browser
1764 silly ADD node_modules/@aws-crypto/sha256-browser/node_modules/@smithy/is-array-buffer
1765 silly ADD node_modules/@aws-crypto/sha256-browser/node_modules/@smithy/util-buffer-from
1766 silly ADD node_modules/@aws-crypto/sha256-browser/node_modules/@smithy/util-utf8
1767 silly ADD node_modules/@aws-crypto/sha1-browser
1768 silly ADD node_modules/@aws-crypto/sha1-browser/node_modules/@smithy/is-array-buffer
1769 silly ADD node_modules/@aws-crypto/sha1-browser/node_modules/@smithy/util-buffer-from
1770 silly ADD node_modules/@aws-crypto/sha1-browser/node_modules/@smithy/util-utf8
1771 silly ADD node_modules/multer-s3
1772 silly ADD node_modules/multer
1773 silly ADD node_modules/multer/node_modules/type-is
1774 silly ADD node_modules/multer/node_modules/mime-types
1775 silly ADD node_modules/multer/node_modules/mime-db
1776 silly ADD node_modules/multer/node_modules/media-typer
1777 silly ADD node_modules/@aws-sdk/client-s3
1778 silly ADD node_modules/yallist
1779 silly ADD node_modules/xmlbuilder
1780 silly ADD node_modules/wrappy
1781 silly ADD node_modules/wkx
1782 silly ADD node_modules/wide-align
1783 silly ADD node_modules/which
1784 silly ADD node_modules/whatwg-url
1785 silly ADD node_modules/webidl-conversions
1786 silly ADD node_modules/vary
1787 silly ADD node_modules/validator
1788 silly ADD node_modules/uuid
1789 silly ADD node_modules/utils-merge
1790 silly ADD node_modules/util-deprecate
1791 silly ADD node_modules/unpipe
1792 silly ADD node_modules/unique-slug
1793 silly ADD node_modules/unique-filename
1794 silly ADD node_modules/undici-types
1795 silly ADD node_modules/undefsafe
1796 silly ADD node_modules/uid2
1797 silly ADD node_modules/uid-safe
1798 silly ADD node_modules/typescript
1799 silly ADD node_modules/typedarray
1800 silly ADD node_modules/type-is
1801 silly ADD node_modules/twilio
1802 silly ADD node_modules/tunnel-agent
1803 silly ADD node_modules/tr46
1804 silly ADD node_modules/touch
1805 silly ADD node_modules/toposort-class
1806 silly ADD node_modules/toidentifier
1807 silly ADD node_modules/to-regex-range
1808 silly ADD node_modules/tar-stream
1809 silly ADD node_modules/tar-fs
1810 silly ADD node_modules/tar-fs/node_modules/chownr
1811 silly ADD node_modules/tar
1812 silly ADD node_modules/tar/node_modules/mkdirp
1813 silly ADD node_modules/tar/node_modules/minipass
1814 silly ADD node_modules/supports-color
1815 silly ADD node_modules/strip-json-comments
1816 silly ADD node_modules/strip-ansi
1817 silly ADD node_modules/string-width
1818 silly ADD node_modules/string_decoder
1819 silly ADD node_modules/streamsearch
1820 silly ADD node_modules/statuses
1821 silly ADD node_modules/ssri
1822 silly ADD node_modules/sqlite3
1823 silly ADD node_modules/sparse-bitfield
1824 silly ADD node_modules/socks-proxy-agent
1825 silly ADD node_modules/socks
1826 silly ADD node_modules/smart-buffer
1827 silly ADD node_modules/simple-update-notifier
1828 silly ADD node_modules/simple-get
1829 silly ADD node_modules/simple-concat
1830 silly ADD node_modules/signal-exit
1831 silly ADD node_modules/sift
1832 silly ADD node_modules/side-channel-weakmap
1833 silly ADD node_modules/side-channel-map
1834 silly ADD node_modules/side-channel-list
1835 silly ADD node_modules/side-channel
1836 silly ADD node_modules/setprototypeof
1837 silly ADD node_modules/set-blocking
1838 silly ADD node_modules/serve-static
1839 silly ADD node_modules/sequelize-pool
1840 silly ADD node_modules/sequelize
1841 silly ADD node_modules/send
1842 silly ADD node_modules/semver
1843 silly ADD node_modules/scmp
1844 silly ADD node_modules/safer-buffer
1845 silly ADD node_modules/safe-buffer
1846 silly ADD node_modules/router
1847 silly ADD node_modules/rimraf
1848 silly ADD node_modules/retry-as-promised
1849 silly ADD node_modules/retry
1850 silly ADD node_modules/readdirp
1851 silly ADD node_modules/readable-stream
1852 silly ADD node_modules/rc
1853 silly ADD node_modules/raw-body
1854 silly ADD node_modules/raw-body/node_modules/iconv-lite
1855 silly ADD node_modules/range-parser
1856 silly ADD node_modules/random-bytes
1857 silly ADD node_modules/qs
1858 silly ADD node_modules/punycode
1859 silly ADD node_modules/pump
1860 silly ADD node_modules/pstree.remy
1861 silly ADD node_modules/proxy-from-env
1862 silly ADD node_modules/proxy-addr
1863 silly ADD node_modules/promise-retry
1864 silly ADD node_modules/promise-inflight
1865 silly ADD node_modules/prebuild-install
1866 silly ADD node_modules/picomatch
1867 silly ADD node_modules/pg-connection-string
1868 silly ADD node_modules/pause
1869 silly ADD node_modules/path-to-regexp
1870 silly ADD node_modules/path-is-absolute
1871 silly ADD node_modules/passport-strategy
1872 silly ADD node_modules/passport-oauth2
1873 silly ADD node_modules/passport-google-oauth20
1874 silly ADD node_modules/passport
1875 silly ADD node_modules/parseurl
1876 silly ADD node_modules/p-map
1877 silly ADD node_modules/once
1878 silly ADD node_modules/on-headers
1879 silly ADD node_modules/on-finished
1880 silly ADD node_modules/object-inspect
1881 silly ADD node_modules/object-assign
1882 silly ADD node_modules/oauth
1883 silly ADD node_modules/npmlog
1884 silly ADD node_modules/normalize-path
1885 silly ADD node_modules/nopt
1886 silly ADD node_modules/nodemon
1887 silly ADD node_modules/nodemailer
1888 silly ADD node_modules/node-gyp
1889 silly ADD node_modules/node-cron
1890 silly ADD node_modules/node-addon-api
1891 silly ADD node_modules/node-abi
1892 silly ADD node_modules/negotiator
1893 silly ADD node_modules/napi-build-utils
1894 silly ADD node_modules/ms
1895 silly ADD node_modules/mquery
1896 silly ADD node_modules/mpath
1897 silly ADD node_modules/mongoose
1898 silly ADD node_modules/mongodb-connection-string-url
1899 silly ADD node_modules/mongodb
1900 silly ADD node_modules/moment-timezone
1901 silly ADD node_modules/moment
1902 silly ADD node_modules/mkdirp-classic
1903 silly ADD node_modules/minizlib
1904 silly ADD node_modules/minipass-sized
1905 silly ADD node_modules/minipass-pipeline
1906 silly ADD node_modules/minipass-flush
1907 silly ADD node_modules/minipass-fetch
1908 silly ADD node_modules/minipass-collect
1909 silly ADD node_modules/minipass
1910 silly ADD node_modules/minimist
1911 silly ADD node_modules/minimatch
1912 silly ADD node_modules/mimic-response
1913 silly ADD node_modules/mime-types
1914 silly ADD node_modules/mime-db
1915 silly ADD node_modules/merge-descriptors
1916 silly ADD node_modules/memory-pager
1917 silly ADD node_modules/media-typer
1918 silly ADD node_modules/math-intrinsics
1919 silly ADD node_modules/make-fetch-happen
1920 silly ADD node_modules/make-fetch-happen/node_modules/negotiator
1921 silly ADD node_modules/lru-cache
1922 silly ADD node_modules/lodash.once
1923 silly ADD node_modules/lodash.isstring
1924 silly ADD node_modules/lodash.isplainobject
1925 silly ADD node_modules/lodash.isnumber
1926 silly ADD node_modules/lodash.isinteger
1927 silly ADD node_modules/lodash.isboolean
1928 silly ADD node_modules/lodash.includes
1929 silly ADD node_modules/lodash
1930 silly ADD node_modules/kareem
1931 silly ADD node_modules/jws
1932 silly ADD node_modules/jwa
1933 silly ADD node_modules/jsonwebtoken
1934 silly ADD node_modules/isexe
1935 silly ADD node_modules/is-promise
1936 silly ADD node_modules/is-number
1937 silly ADD node_modules/is-lambda
1938 silly ADD node_modules/is-glob
1939 silly ADD node_modules/is-fullwidth-code-point
1940 silly ADD node_modules/is-extglob
1941 silly ADD node_modules/is-binary-path
1942 silly ADD node_modules/ipaddr.js
1943 silly ADD node_modules/ip-address
1944 silly ADD node_modules/ini
1945 silly ADD node_modules/inherits
1946 silly ADD node_modules/inflight
1947 silly ADD node_modules/inflection
1948 silly ADD node_modules/infer-owner
1949 silly ADD node_modules/indent-string
1950 silly ADD node_modules/imurmurhash
1951 silly ADD node_modules/ignore-by-default
1952 silly ADD node_modules/ieee754
1953 silly ADD node_modules/iconv-lite
1954 silly ADD node_modules/humanize-ms
1955 silly ADD node_modules/https-proxy-agent
1956 silly ADD node_modules/http-proxy-agent
1957 silly ADD node_modules/http-errors
1958 silly ADD node_modules/http-errors/node_modules/statuses
1959 silly ADD node_modules/http-cache-semantics
1960 silly ADD node_modules/hasown
1961 silly ADD node_modules/has-unicode
1962 silly ADD node_modules/has-tostringtag
1963 silly ADD node_modules/has-symbols
1964 silly ADD node_modules/has-flag
1965 silly ADD node_modules/graceful-fs
1966 silly ADD node_modules/gopd
1967 silly ADD node_modules/glob-parent
1968 silly ADD node_modules/glob
1969 silly ADD node_modules/github-from-package
1970 silly ADD node_modules/get-proto
1971 silly ADD node_modules/get-intrinsic
1972 silly ADD node_modules/gauge
1973 silly ADD node_modules/function-bind
1974 silly ADD
1975 silly ADD node_modules/fs.realpath
1976 silly ADD node_modules/fs-minipass
1977 silly ADD node_modules/fs-constants
1978 silly ADD node_modules/fresh
1979 silly ADD node_modules/forwarded
1980 silly ADD node_modules/form-data
1981 silly ADD node_modules/form-data/node_modules/mime-types
1982 silly ADD node_modules/form-data/node_modules/mime-db
1983 silly ADD node_modules/follow-redirects
1984 silly ADD node_modules/finalhandler
1985 silly ADD node_modules/fill-range
1986 silly ADD node_modules/file-uri-to-path
1987 silly ADD node_modules/express-session
1988 silly ADD node_modules/express-session/node_modules/ms
1989 silly ADD node_modules/express-session/node_modules/debug
1990 silly ADD node_modules/express-session/node_modules/cookie-signature
1991 silly ADD node_modules/express
1992 silly ADD node_modules/expand-template
1993 silly ADD node_modules/etag
1994 silly ADD node_modules/escape-html
1995 silly ADD node_modules/es-set-tostringtag
1996 silly ADD node_modules/es-object-atoms
1997 silly ADD node_modules/es-errors
1998 silly ADD node_modules/es-define-property
1999 silly ADD node_modules/err-code
2000 silly ADD node_modules/env-paths
2001 silly ADD node_modules/end-of-stream
2002 silly ADD node_modules/encoding
2003 silly ADD node_modules/encodeurl
2004 silly ADD node_modules/emoji-regex
2005 silly ADD node_modules/ee-first
2006 silly ADD node_modules/ecdsa-sig-formatter
2007 silly ADD node_modules/dunder-proto
2008 silly ADD node_modules/dottie
2009 silly ADD node_modules/dotenv
2010 silly ADD node_modules/detect-libc
2011 silly ADD node_modules/depd
2012 silly ADD node_modules/delegates
2013 silly ADD node_modules/delayed-stream
2014 silly ADD node_modules/deep-extend
2015 silly ADD node_modules/decompress-response
2016 silly ADD node_modules/debug
2017 silly ADD node_modules/dayjs
2018 silly ADD node_modules/cors
2019 silly ADD node_modules/cookie-signature
2020 silly ADD node_modules/cookie
2021 silly ADD node_modules/content-type
2022 silly ADD node_modules/content-disposition
2023 silly ADD node_modules/console-control-strings
2024 silly ADD node_modules/concat-stream
2025 silly ADD node_modules/concat-map
2026 silly ADD node_modules/combined-stream
2027 silly ADD node_modules/color-support
2028 silly ADD node_modules/clean-stack
2029 silly ADD node_modules/chownr
2030 silly ADD node_modules/chokidar
2031 silly ADD node_modules/call-bound
2032 silly ADD node_modules/call-bind-apply-helpers
2033 silly ADD node_modules/cacache
2034 silly ADD node_modules/cacache/node_modules/mkdirp
2035 silly ADD node_modules/bytes
2036 silly ADD node_modules/busboy
2037 silly ADD node_modules/buffer-from
2038 silly ADD node_modules/buffer-equal-constant-time
2039 silly ADD node_modules/buffer
2040 silly ADD node_modules/bson
2041 silly ADD node_modules/braces
2042 silly ADD node_modules/brace-expansion
2043 silly ADD node_modules/body-parser
2044 silly ADD node_modules/bl
2045 silly ADD node_modules/bindings
2046 silly ADD node_modules/binary-extensions
2047 silly ADD node_modules/bcryptjs
2048 silly ADD node_modules/base64url
2049 silly ADD node_modules/base64-js
2050 silly ADD node_modules/balanced-match
2051 silly ADD node_modules/axios
2052 silly ADD node_modules/asynckit
2053 silly ADD node_modules/are-we-there-yet
2054 silly ADD node_modules/aproba
2055 silly ADD node_modules/append-field
2056 silly ADD node_modules/anymatch
2057 silly ADD node_modules/ansi-regex
2058 silly ADD node_modules/aggregate-error
2059 silly ADD node_modules/agentkeepalive
2060 silly ADD node_modules/agent-base
2061 silly ADD node_modules/accepts
2062 silly ADD node_modules/abbrev
2063 silly ADD node_modules/@types/whatwg-url
2064 silly ADD node_modules/@types/webidl-conversions
2065 silly ADD node_modules/@types/validator
2066 silly ADD node_modules/@types/node
2067 silly ADD node_modules/@types/ms
2068 silly ADD node_modules/@types/debug
2069 silly ADD node_modules/@tootallnate/once
2070 silly ADD node_modules/@npmcli/move-file
2071 silly ADD node_modules/@npmcli/move-file/node_modules/mkdirp
2072 silly ADD node_modules/@npmcli/fs
2073 silly ADD node_modules/@mongodb-js/saslprep
2074 silly ADD node_modules/@gar/promisify
2075 verbose cwd D:\kisan gpt\kisangpt-smart-farming-main\backend
2076 verbose os Windows_NT 10.0.26200
2077 verbose node v20.20.1
2078 verbose npm  v10.8.2
2079 notice
2079 notice New major version of npm available! 10.8.2 -> 11.12.1
2079 notice Changelog: https://github.com/npm/cli/releases/tag/v11.12.1
2079 notice To update run: npm install -g npm@11.12.1
2079 notice  { force: true, [Symbol(proc-log.meta)]: true }
2080 verbose exit 0
2081 info ok
